lat,lon,image_id,color
6.435597026037867,3.50034417197455,,#FF0000
6.435695959332226,3.500981019406273,,#FF0000
6.435834931347475,3.501977627201233,,#FF0000
6.435979194995591,3.502992047363689,,#FF0000
6.43610539530276,3.5039183965075407,,#FF0000
6.436291159267659,3.50513720715812,,#FF0000
6.436408398078246,3.5059158007925557,,#FF0000
6.4364611090561175,3.5068270880451,,#FF0000
6.43652922943325,3.5063283800809333,,#FF0000
6.4366234259184445,3.5070531167969166,,#FF0000
6.4367517845515545,3.507944338032261,,#FF0000
6.436912013809585,3.509018237203634,,#FF0000
6.437033969840015,3.510037910266543,,#FF0000
6.437182521513295,3.5109952263304947,,#FF0000
6.437359300502969,3.5120308834364105,,#FF0000
6.43739885968095,3.512982878576175,,#FF0000
6.4374632934284,3.5136870961263003,,#FF0000
6.4375406968227,3.5131728629674996,,#FF0000
6.4376029342609,3.51397685315315,,#FF0000
6.437796046194642,3.515233015564243,,#FF0000
6.437899635196956,3.516058885253411,,#FF0000
6.4380697164574165,3.5170563496565994,,#FF0000
6.438191090493925,3.5179628952289,,#FF0000
6.4382971094490005,3.51889877678609,,#FF0000
6.438471115204866,3.5200914044502998,,#FF0000
6.438464681036199,3.5206778865476664,,#FF0000
6.4385574338657,3.5203031993451,,#FF0000
6.43867625349574,3.5209741256252203,,#FF0000
6.43877330432345,3.5220235465525085,,#FF0000
6.438904574449177,3.522936818164322,,#FF0000
6.439080605873386,3.523969694432043,,#FF0000
6.439193569163699,3.525009415297728,,#FF0000
6.439364731749828,3.525993649004414,,#FF0000
6.439517256579251,3.52630867197945,,#FF0000
6.439802652286476,3.527035702655675,,#FF0000
6.440227229562555,3.527951469260701,,#FF0000
6.440399435222967,3.5286896389682005,,#FF0000
6.440693663883013,3.5291515933610373,,#FF0000
6.440949160034626,3.529944677847072,,#FF0000
6.441308303960792,3.530904377271017,,#FF0000
6.442000270891011,3.530823723181633,,#FF0000
6.4417405949637,3.5319431385386,,#FF0000
6.442174148227882,3.5329929295929836,,#FF0000
6.442353979867351,3.5335867596734998,,#FF0000
6.4434870072789,3.5300543265427002,,#FF0000
6.443147874699643,3.5306827590610435,,#FF0000
6.4426750992448,3.534161107862125,,#FF0000
6.442899598009961,3.535104821627647,,#FF0000
6.4432982172707,3.5357890601760005,,#FF0000
6.443562906971989,3.52997304668136,,#FF0000
6.443508337604699,3.5306121482595,,#FF0000
6.443559794887332,3.536416122917933,,#FF0000
6.443890229560168,3.537035397630983,,#FF0000
6.4442897485722614,3.5379427233811596,,#FF0000
6.4445460249747,3.5381144217712,,#FF0000
6.4446958840725,3.5390924629619,,#FF0000
6.445117328071067,3.539781226540033,,#FF0000
6.4453850131628005,3.5410595504094,,#FF0000
6.446290975100234,3.3952328046579496,,#FF0000
6.445989528929423,3.3957680402376775,,#FF0000
6.446204964136676,3.3971427574897497,,#FF0000
6.446083113545035,3.3977797946688724,,#FF0000
6.44643253130895,3.398994140229,,#FF0000
6.446302720462666,3.4540493666661334,,#FF0000
6.4465691981204,3.3950630914481,,#FF0000
6.446968961721099,3.3961988605214746,,#FF0000
6.446788601742166,3.3968415397602,,#FF0000
6.446747946099211,3.398288127186545,,#FF0000
6.44676736357666,3.3989868636339526,,#FF0000
6.446716365010084,3.3998058224222336,,#FF0000
6.44745360000046,3.45392148001172,,#FF0000
6.4483109526136,3.39636524720575,,#FF0000
6.44824541425169,3.3967204794791,,#FF0000
6.448293021494107,3.398255425963879,,#FF0000
6.448240810152359,3.3986871590411605,,#FF0000
6.447762511764713,3.4540082690788876,,#FF0000
6.448893040064516,3.306434879616017,,#FF0000
6.449287974191838,3.3960387334487163,,#FF0000
6.4491726263019045,3.3971606546349062,,#FF0000
6.449252092418538,3.3980640141761786,,#FF0000
6.449255625694487,3.399023132901914,,#FF0000
6.449161864537235,3.3997339376751863,,#FF0000
6.4492464093709,3.4024415079079997,,#FF0000
6.449296168062586,3.550314587598757,,#FF0000
6.44940356930895,3.5507546157811,,#FF0000
6.449630427642722,3.3963671732850713,,#FF0000
6.449825072139144,3.3971386998602164,,#FF0000
6.449677651037258,3.3977837144360072,,#FF0000
6.4504898051841,3.3998453261346,,#FF0000
6.450258730049756,3.449252026109819,,#FF0000
6.449717668918199,3.450118156318735,,#FF0000
6.44978745591943,3.4509618876525754,,#FF0000
6.44986901748794,3.4518947969013105,,#FF0000
6.4499452211622,3.4527783777722,,#FF0000
6.45004846900095,3.453906844410775,,#FF0000
6.45018594036316,3.455083433563,,#FF0000
6.45022572200625,3.455921692136725,,#FF0000
6.45012066228134,3.4567538398002804,,#FF0000
6.449620634323351,3.5510944574094006,,#FF0000
6.449969412129186,3.5519776907794647,,#FF0000
6.4503327869852916,3.5528622928443,,#FF0000
6.450881811816886,3.3982720568785285,,#FF0000
6.450764455060324,3.399179025860935,,#FF0000
6.450638662453566,3.399765432050258,,#FF0000
6.4506544424374,3.449256035429133,,#FF0000
6.45058053964255,3.553340098793925,,#FF0000
6.451037216564069,3.553980185312706,,#FF0000
6.4518435,3.4491466999991,,#FF0000
6.451690870107433,3.5544040073105663,,#FF0000
6.452069386926741,3.554720204124617,,#FF0000
6.453006073379509,3.5549494886047337,,#FF0000
6.453990407516055,3.5550424268465064,,#FF0000
6.455446813815962,3.2491225952309124,,#FF0000
6.455442043413941,3.2499468893680103,,#FF0000
6.4554691379435,3.2510401225117573,,#FF0000
6.454834382121072,3.5550873722099716,,#FF0000
6.4564445552286,3.2442278666835,,#FF0000
6.4561635520223,3.2450882156413,,#FF0000
6.4558988941778015,3.2459817054035605,,#FF0000
6.45570286013907,3.24699407632382,,#FF0000
6.45557015967938,3.2481249988666208,,#FF0000
6.455565875887025,3.24869859125575,,#FF0000
6.4555132448901,3.2514642736685,,#FF0000
6.455584222907434,3.2520089499157163,,#FF0000
6.455718457680149,3.25320152729445,,#FF0000
6.4558408716127005,3.25410734256792,,#FF0000
6.45594305653675,3.2550635231940497,,#FF0000
6.4561603832115795,3.256050728948541,,#FF0000
6.45623897599606,3.25702743543076,,#FF0000
6.45632887514505,3.258020956427,,#FF0000
6.456422652748678,3.259021954975845,,#FF0000
6.4564950052937,3.2595893776902,,#FF0000
6.45620555555555,3.47024305555555,,#FF0000
6.4557926403076,3.5550926978866664,,#FF0000
6.4574060125943005,3.2409833392520504,,#FF0000
6.457098926825517,3.2420648106295338,,#FF0000
6.4568213191975,3.24292772938065,,#FF0000
6.456593938119901,3.2437923328215668,,#FF0000
6.456882870370358,3.255318287037042,,#FF0000
6.456556497626474,3.260136778283975,,#FF0000
6.4566602856142445,3.2610053212106775,,#FF0000
6.456808466691071,3.2619512986521717,,#FF0000
6.456899245671,3.26301118306665,,#FF0000
6.457004263296291,3.2640573446333896,,#FF0000
6.457133394375983,3.2650022761966087,,#FF0000
6.4572654754175005,3.2659754229216396,,#FF0000
6.45737331376572,3.26703698839056,,#FF0000
6.4574598072783,3.267653665705075,,#FF0000
6.4567277777777505,3.4704013888888996,,#FF0000
6.457166111111102,3.4705966666666597,,#FF0000
6.457106767659281,3.55519000885308,,#FF0000
6.4583996096735,3.2372334107654,,#FF0000
6.458090476700339,3.23819914701996,,#FF0000
6.457820270718025,3.239077622096025,,#FF0000
6.4575590750757,3.240072093101117,,#FF0000
6.457565968815925,3.2681506106757374,,#FF0000
6.457654974778243,3.268976466760483,,#FF0000
6.45771168960776,3.27007546321092,,#FF0000
6.457701155834183,3.271029239051558,,#FF0000
6.458099670926862,3.2718875083941312,,#FF0000
6.45826152080803,3.2729596146810005,,#FF0000
6.458374157051,3.2739949685122,,#FF0000
6.458478570760733,3.2747864197060004,,#FF0000
6.458049390937501,3.5551766033026597,,#FF0000
6.4594217491547,3.2122216041261997,,#FF0000
6.459396331741919,3.2128675622203,,#FF0000
6.459435893193199,3.2139409923078,,#FF0000
6.45947778798058,3.21508568974374,,#FF0000
6.459491455272099,3.2158871401221,,#FF0000
6.45932650940565,3.23423457377465,,#FF0000
6.459040138057634,3.235195599643833,,#FF0000
6.4586921548793,3.2362949018868,,#FF0000
6.458515562616849,3.2752392688203003,,#FF0000
6.4586176200614,3.2759790045901,,#FF0000
6.458768285469981,3.27699718505798,,#FF0000
6.4588814805905015,3.2780142227951834,,#FF0000
6.45904452194798,3.2790856322763,,#FF0000
6.459151682954366,3.2800699283907337,,#FF0000
6.459271788742266,3.2810422113683835,,#FF0000
6.459386611329571,3.282007563830028,,#FF0000
6.45947008236635,3.282782578974425,,#FF0000
6.4591400219389214,3.3142749709965926,,#FF0000
6.459022053363537,3.3149837965232427,,#FF0000
6.458964400498616,3.5552137628361997,,#FF0000
6.460305485903429,3.205076026298386,,#FF0000
6.460037205805369,3.2059768270198203,,#FF0000
6.459815726090935,3.2069928261960206,,#FF0000
6.459677778596683,3.2078127065885393,,#FF0000
6.459622827531862,3.20893696367475,,#FF0000
6.459632843501425,3.2098056021861003,,#FF0000
6.459675240614501,3.2108096406749005,,#FF0000
6.459548539182333,3.2119173349967665,,#FF0000
6.4595090936013495,3.2170903699277997,,#FF0000
6.459522942058101,3.2178674385425503,,#FF0000
6.459541612194767,3.2190635842319666,,#FF0000
6.459541349984825,3.219998068718625,,#FF0000
6.459582290383341,3.22119752671464,,#FF0000
6.459598064422384,3.2220562918919335,,#FF0000
6.459606746282743,3.2229667295112288,,#FF0000
6.459623128023001,3.2241936994651246,,#FF0000
6.4596316545781,3.2250026180782,,#FF0000
6.459641831465699,3.22602143617865,,#FF0000
6.4596407599123,3.227162986311125,,#FF0000
6.45964697548046,3.2280372786400804,,#FF0000
6.4599447234931,3.2294130417924,,#FF0000
6.4599593399368,3.22990832547105,,#FF0000
6.459867066563167,3.2310785390914667,,#FF0000
6.4597577694002,3.23210341408125,,#FF0000
6.459614131808933,3.232955450956467,,#FF0000
6.4595059603311,3.2335135235273,,#FF0000
6.459522410119167,3.283262697329467,,#FF0000
6.459619244673751,3.2840185727540625,,#FF0000
6.459752743951618,3.2850477524741506,,#FF0000
6.459890159779783,3.2860579039217996,,#FF0000
6.46001069104266,3.2870756168904003,,#FF0000
6.460124051656676,3.288011522369425,,#FF0000
6.460175385683721,3.28901554057396,,#FF0000
6.460181530853325,3.2900479936383498,,#FF0000
6.460184848382474,3.2909711461203752,,#FF0000
6.46017353283506,3.2919896153463397,,#FF0000
6.46016973523424,3.29306997779438,,#FF0000
6.460172296435725,3.2940319306792,,#FF0000
6.460176031044959,3.29494289995018,,#FF0000
6.460168814522366,3.296002792977267,,#FF0000
6.460157257578817,3.2970508444916997,,#FF0000
6.460154244826167,3.2980082115586833,,#FF0000
6.460173224490862,3.299001284818062,,#FF0000
6.46021274760776,3.2999691636325807,,#FF0000
6.460280598783867,3.3008506291195,,#FF0000
6.460384292346366,3.3099766156871335,,#FF0000
6.460189154186111,3.3110035154743906,,#FF0000
6.460184195780812,3.3119508532483106,,#FF0000
6.4601639960173545,3.3130660589127663,,#FF0000
6.459930183628257,3.314038568088336,,#FF0000
6.459910316055431,3.3152102347731924,,#FF0000
6.459804078452113,3.31606528302826,,#FF0000
6.459880583044242,3.316960613810459,,#FF0000
6.460099321256391,3.3180023337605267,,#FF0000
6.460359463264781,3.3188574701067086,,#FF0000
6.4600704268347995,3.55534387567635,,#FF0000
6.4612590786491095,3.202931517664773,,#FF0000
6.460932922630448,3.2042522828368,,#FF0000
6.46053320095392,3.20456736076434,,#FF0000
6.460933922984575,3.3011183347490753,,#FF0000
6.4608490989021,3.3097779148268,,#FF0000
6.4605400695295,3.3140181117516,,#FF0000
6.461218303631067,3.3149463632785667,,#FF0000
6.46095371618082,3.31562607528178,,#FF0000
6.460548118821021,3.3193248192869,,#FF0000
6.46095154335994,3.32006445669686,,#FF0000
6.460817294333075,3.555417856474575,,#FF0000
6.461072155464667,3.5555863113927,,#FF0000
6.4623069088328,3.2013228762968,,#FF0000
6.461715150760762,3.2021766134163245,,#FF0000
6.46163148691205,3.2044572563179248,,#FF0000
6.462063398258719,3.2046101186248803,,#FF0000
6.462148543598801,3.30091577370685,,#FF0000
6.462228174957724,3.309219996825625,,#FF0000
6.46210384816325,3.3159964231858665,,#FF0000
6.4618427322089,3.3214301862572,,#FF0000
6.46195415439115,3.32159829427085,,#FF0000
6.462109121397063,3.5562209380793255,,#FF0000
6.4624073938617,3.5565789474995,,#FF0000
6.46313880347585,3.20015927865665,,#FF0000
6.462686658413075,3.2007972786062,,#FF0000
6.4630784089766,3.2049917520226336,,#FF0000
6.463266476038701,3.25752484031495,,#FF0000
6.4633931752984,3.3003242251198,,#FF0000
6.4626077809171,3.3007500203838,,#FF0000
6.4627790717872,3.3090847241333,,#FF0000
6.462666258234775,3.3163710042556875,,#FF0000
6.4631674836871,3.3167245696706997,,#FF0000
6.4625629104422,3.322409369189,,#FF0000
6.463091746789825,3.323157428593325,,#FF0000
6.462858250859001,3.55712478526685,,#FF0000
6.4633242792780665,3.5578723671821666,,#FF0000
6.4638958354501,3.20528171887936,,#FF0000
6.464077551176034,3.299879513831234,,#FF0000
6.464203130857434,3.3042091849866164,,#FF0000
6.4642800596260175,3.305069293079725,,#FF0000
6.4644308467993,3.3055199475753665,,#FF0000
6.464172408763449,3.3091053851104,,#FF0000
6.46373238761835,3.31715652100195,,#FF0000
6.4643369172011,3.317712106929825,,#FF0000
6.4636848385559,3.3241572040034,,#FF0000
6.4644147771697,3.3252482141042,,#FF0000
6.463641138592024,3.5583883486794,,#FF0000
6.4639740044775325,3.558976128817467,,#FF0000
6.4642687422869,3.559563919224,,#FF0000
6.4645117016559,3.2054855016943,,#FF0000
6.464974968488167,3.205639934154766,,#FF0000
6.4651374970409545,3.2992059303988333,,#FF0000
6.46461358874865,3.29953188790045,,#FF0000
6.4651113544393,3.3034229469542,,#FF0000
6.464991405755566,3.303698972848417,,#FF0000
6.464866003855063,3.3049759895201873,,#FF0000
6.46459224918416,3.30615842304992,,#FF0000
6.464795199958123,3.306976093443823,,#FF0000
6.465024918620301,3.3079633206343826,,#FF0000
6.4650267965663835,3.30907182868645,,#FF0000
6.465229573761867,3.3127488813155996,,#FF0000
6.4652281198232,3.31416115574205,,#FF0000
6.465209678242825,3.3151228218238002,,#FF0000
6.4652166095451005,3.3161206055153,,#FF0000
6.465052674419301,3.317284802841475,,#FF0000
6.46483007452608,3.31788167490312,,#FF0000
6.4645834338623,3.3254856252404,,#FF0000
6.465257638053,3.3264359435128,,#FF0000
6.464721594291817,3.560112767963967,,#FF0000
6.465216255815125,3.5608916742173675,,#FF0000
6.465974809411367,3.2058376179205,,#FF0000
6.466421840780133,3.2984135437739663,,#FF0000
6.46592386071175,3.29871500998021,,#FF0000
6.4660871293312,3.303329361268467,,#FF0000
6.465534451051,3.303506536937,,#FF0000
6.465744344683833,3.3124789331025,,#FF0000
6.466056623681467,3.3192595650411665,,#FF0000
6.46564918149835,3.3269661908712003,,#FF0000
6.466207381610699,3.3277194655488502,,#FF0000
6.46552899555585,3.5612939919353,,#FF0000
6.4658329506748,3.5618933039439256,,#FF0000
6.4662603773767335,3.5627030144940335,,#FF0000
6.467462041888,3.2054352755737,,#FF0000
6.46694531224045,3.2056527625783002,,#FF0000
6.467103912711524,3.298087414240881,,#FF0000
6.46730267339415,3.2987695645034503,,#FF0000
6.466991708773,3.3028919309222404,,#FF0000
6.46716411072425,3.31239933788945,,#FF0000
6.4667072589139325,3.319886324123767,,#FF0000
6.4674593481478,3.3205530107532,,#FF0000
6.4673175737242,3.3292165239995,,#FF0000
6.466631855415375,3.5631799707312,,#FF0000
6.467107291341434,3.5640080120080664,,#FF0000
6.4673730906551,3.5645684239352,,#FF0000
6.4677857417133,3.2052874023983,,#FF0000
6.468218414669746,3.297349457300285,,#FF0000
6.467731655862867,3.297674674834125,,#FF0000
6.467628019506525,3.2992860759612004,,#FF0000
6.467919948233501,3.2997226508335755,,#FF0000
6.468185195619267,3.3022523091254,,#FF0000
6.4681676749602,3.3123496514761,,#FF0000
6.467924842262833,3.3209607335556997,,#FF0000
6.4676186916889,3.5644220111402,,#FF0000
6.468039042521591,3.5651915305666906,,#FF0000
6.4681481059155,3.5657691770726,,#FF0000
6.4687490632285,3.2049361008225,,#FF0000
6.4686955268429545,3.297106104602061,,#FF0000
6.468860516499101,3.30194021132775,,#FF0000
6.46867552724915,3.31234100812595,,#FF0000
6.4693231453087,3.3222388876243,,#FF0000
6.4686415207704,3.3308954959169004,,#FF0000
6.469291077856833,3.3318268839580996,,#FF0000
6.46877658713515,3.5651547596926,,#FF0000
6.4699333965465,3.2044260970857,,#FF0000
6.4695313096388,3.2045830649331,,#FF0000
6.4695383604613,3.3029382499737,,#FF0000
6.4698788281003,3.3227965116040665,,#FF0000
6.4697506596748,3.3324960576758,,#FF0000
6.470124264241275,3.3330152711232253,,#FF0000
6.469960225798575,3.5652245643511753,,#FF0000
6.4706778541758,3.2041089633486,,#FF0000
6.4707770554309,3.305963435418025,,#FF0000
6.471024713406861,3.30690177127738,,#FF0000
6.471087556011966,3.308090357455033,,#FF0000
6.4711819418369325,3.3089266432734,,#FF0000
6.4713334882067,3.3103749489198,,#FF0000
6.471355502222761,3.31112242293744,,#FF0000
6.471258828348108,3.3121550617519997,,#FF0000
6.4714473310687,3.3125483930717,,#FF0000
6.4714381391019,3.3192754390898,,#FF0000
6.4711612246618,3.3203430916412,,#FF0000
6.470991240815,3.3209922098057,,#FF0000
6.4707875212656,3.3217484463117,,#FF0000
6.470668165084261,3.3231297950822793,,#FF0000
6.470962752696882,3.3237338072812004,,#FF0000
6.471135743081676,3.5653963191763123,,#FF0000
6.4713194440538,3.5920937318144,,#FF0000
6.4724809723648,3.2034197531872,,#FF0000
6.471817569325075,3.312145889902475,,#FF0000
6.4716249312701,3.3143756838913,,#FF0000
6.47168322806605,3.315042140958575,,#FF0000
6.471734851102401,3.3160209086036,,#FF0000
6.471781220171468,3.316954830773433,,#FF0000
6.4717838469634,3.3177895239347337,,#FF0000
6.4716078618935,3.3186722820244503,,#FF0000
6.47161613238795,3.3243714430514,,#FF0000
6.472005703269501,3.3246686792872,,#FF0000
6.472183183238198,3.5657764817690167,,#FF0000
6.4723072033577,3.5954803519247,,#FF0000
6.472970500686881,3.20319805561354,,#FF0000
6.472779869603201,3.3121804055609,,#FF0000
6.47284504240984,3.3252593098811603,,#FF0000
6.4732843818631,3.3255189486273,,#FF0000
6.472687653162434,3.3369213545856335,,#FF0000
6.4732942318011,3.3377231451176,,#FF0000
6.4726034736839,3.56617060062,,#FF0000
6.473372378820075,3.56680495589225,,#FF0000
6.4727310318955,3.596984198958,,#FF0000
6.4742772,3.2024157,,#FF0000
6.474074380339376,3.2027345128127997,,#FF0000
6.47386897099896,3.32589829850178,,#FF0000
6.4741651685463495,3.33880464886365,,#FF0000
6.473785278324956,3.567101316262414,,#FF0000
6.4743797991447,3.5675254242755,,#FF0000
6.4735265093681,3.5998003657919,,#FF0000
6.47507398876578,3.2022642428778,,#FF0000
6.4746559632695,3.2025392901141,,#FF0000
6.47474169660315,3.3116086316531,,#FF0000
6.4746134466139,3.3394495377518,,#FF0000
6.47500396320045,3.3399237021092,,#FF0000
6.47508142980165,3.56795657264355,,#FF0000
6.47591220287524,3.2019325546585606,,#FF0000
6.476045720335,3.5681077311613,,#FF0000
6.4772671205669,3.20147397080565,,#FF0000
6.476813602737834,3.2016613958955005,,#FF0000
6.4768005759699,3.56826802074285,,#FF0000
6.477959158122661,3.2011176685116602,,#FF0000
6.477928269385384,3.5689491389303996,,#FF0000
6.4783913414224,3.5696731152708,,#FF0000
6.4790510388825995,3.2006933152997337,,#FF0000
6.479107519645783,3.3489485937009,,#FF0000
6.4791712684288,3.3499350148321,,#FF0000
6.4798949645707395,3.20035080212718,,#FF0000
6.4805976719346,3.2001357802769,,#FF0000
6.4883482043736,3.1992063046979,,#FF0000
6.48909123100066,3.1991544032144796,,#FF0000
6.489800445141275,3.19918679701595,,#FF0000
6.491203835758601,3.19912868625145,,#FF0000
6.4914972828162,3.3231251216869,,#FF0000
6.491933811308375,3.1991520645323,,#FF0000
6.49192942011205,3.32287780150875,,#FF0000
6.4932935580736,3.152770492928,,#FF0000
6.4931036954271,3.1991538463596,,#FF0000
6.4931743327681,3.322273823799,,#FF0000
6.4942234138876245,3.142093442651425,,#FF0000
6.4942116674922,3.1426338725508,,#FF0000
6.494159162517,3.145193015697,,#FF0000
6.4941463116192,3.1460492757486,,#FF0000
6.494107798775867,3.1467722392742004,,#FF0000
6.494052899343,3.1479804950404664,,#FF0000
6.4939869353951,3.149294681554,,#FF0000
6.4936779835391,3.1511403423773,,#FF0000
6.4938275271974,3.1991410683240997,,#FF0000
6.494192732755266,3.321845061747,,#FF0000
6.4951511285704,3.199088438497633,,#FF0000
6.4954135564004,3.3214822366641,,#FF0000
6.4948371487477,3.3216541243519497,,#FF0000
6.495946156394274,3.19907946394455,,#FF0000
6.4962220283502,3.32135494164535,,#FF0000
6.497005618209551,3.1990958623792247,,#FF0000
6.4970843288696996,3.3213089953160666,,#FF0000
6.498044375519406,3.199111696585674,,#FF0000
6.497823655495825,3.3213375771045497,,#FF0000
6.4994627817653,3.1032791738093,,#FF0000
6.499468701745532,3.1039381589230337,,#FF0000
6.4990679585758,3.1060261145883,,#FF0000
6.499032639196086,3.199116590851511,,#FF0000
6.4987471009897,3.3213945149553,,#FF0000
6.4999867170435195,3.100244659637088,,#FF0000
6.499899151115337,3.1009592368515686,,#FF0000
6.499769952756734,3.1019835532140143,,#FF0000
6.499628935727883,3.1027868062938997,,#FF0000
6.499987803941267,3.19914430900585,,#FF0000
6.500070589917944,3.401448638473531,,#FF0000
6.500251847328272,3.4015928130472948,,#FF0000
6.500258424262633,3.5841466187601996,,#FF0000
6.501011740904046,3.1993087136943994,,#FF0000
6.501134494380093,3.4019115486774063,,#FF0000
6.5009964367825,3.583736719217989,,#FF0000
6.5017331513638315,3.19944243498548,,#FF0000
6.502196022785654,3.199558644365162,,#FF0000
6.502083627501899,3.4022126661722782,,#FF0000
6.502059426923927,3.5831601193935185,,#FF0000
6.502988597523205,3.1997070044400364,,#FF0000
6.5027530781638,3.4024166602289,,#FF0000
6.5028988584049,3.4025172277933,,#FF0000
6.502508269817,3.5829641357767,,#FF0000
6.503982471327734,3.1999084318843285,,#FF0000
6.504720904106742,3.20004383368,,#FF0000
6.505832979227526,3.200338868001275,,#FF0000
6.5064854570614,3.2006098367029,,#FF0000
6.50712743798722,3.2008219281878,,#FF0000
6.507972382243361,3.20116088958984,,#FF0000
6.5091709864243,3.2016248126310503,,#FF0000
6.509911799486851,3.2019648086807995,,#FF0000
6.5110062559619,3.2024003803585,,#FF0000
6.5112194326927,3.2025424225169,,#FF0000
6.511968582596128,3.2026445908153143,,#FF0000
6.511716550000751,3.3453577499990503,,#FF0000
6.511834913867611,3.3460157000239628,,#FF0000
6.512792284542432,3.2026968214297002,,#FF0000
6.512550080000599,3.3484335402200402,,#FF0000
6.512617680002279,3.3487739022224,,#FF0000
6.5138994328119,3.202740579561825,,#FF0000
6.514914513947221,3.20319629920676,,#FF0000
6.51604602756062,3.2038094681959004,,#FF0000
6.5170356875841495,3.20435647791205,,#FF0000
6.5174679984154,3.2046086427968,,#FF0000
6.517986846146666,3.2048507825525996,,#FF0000
6.518883315065325,3.205312615387325,,#FF0000
6.519354553605551,3.2057584045634497,,#FF0000
6.5197604713765,3.206065751494034,,#FF0000
6.5202420162794,3.2066202102204,,#FF0000
6.520822175861032,3.2071576691947334,,#FF0000
6.5213258575575495,3.2077350381347998,,#FF0000
6.5219864610516005,3.2084077540829,,#FF0000
6.5223541708246335,3.208785516305,,#FF0000
6.522975691418701,3.2094102672829337,,#FF0000
6.5233543993011995,3.2097896337762,,#FF0000
6.523727060061133,3.2101448115876337,,#FF0000
6.524289479294533,3.2106884586446665,,#FF0000
6.5248911009679995,3.21130664761965,,#FF0000
6.525300841359871,3.2117261799123713,,#FF0000
6.525807812686044,3.212244683752422,,#FF0000
6.526293041689123,3.2127592627193895,,#FF0000
6.526771077753501,3.21325732608005,,#FF0000
6.527259846483812,3.2137343837986747,,#FF0000
6.527755276053242,3.214272762363772,,#FF0000
6.528257997946475,3.2147848439012003,,#FF0000
6.5288150421209625,3.215278006832162,,#FF0000
6.529176582018766,3.21570989239055,,#FF0000
6.529646152721599,3.2161524345112595,,#FF0000
6.5303679584840495,3.21689832199,,#FF0000
6.5306612880345005,3.21719120217585,,#FF0000
6.531267104812517,3.2177976535575166,,#FF0000
6.5317862506132,3.2182403559560995,,#FF0000
6.53232674514265,3.218614752557925,,#FF0000
6.532799386474499,3.2188536051063714,,#FF0000
6.533954464429414,3.2193843790934005,,#FF0000
6.5344682694914,3.2196480075096,,#FF0000
6.535089737091383,3.2199326250662335,,#FF0000
6.53540750162095,3.3365658750441,,#FF0000
6.535928541161992,3.2203408789372543,,#FF0000
6.536300649596616,3.2205542030283,,#FF0000
6.5355659499995,3.33649129999995,,#FF0000
6.536060544122471,3.3366225816000004,,#FF0000
6.5369881825550396,3.2208852752655184,,#FF0000
6.537166646567856,3.336719803250315,,#FF0000
6.537484139628125,3.5518554818031,,#FF0000
6.5372165819185,3.552960514045624,,#FF0000
6.537951124314719,3.2213232948274433,,#FF0000
6.5383828815218745,3.221566402786775,,#FF0000
6.537943935357941,3.3368003197353246,,#FF0000
6.538478799206568,3.5514537133068664,,#FF0000
6.538028513323335,3.55193535714097,,#FF0000
6.537568936765701,3.5525927470522,,#FF0000
6.539057748832501,3.2219633352220844,,#FF0000
6.538986797101562,3.3369597183078583,,#FF0000
6.539357694943339,3.5503354267615617,,#FF0000
6.538820888288383,3.550986409970596,,#FF0000
6.539605473498099,3.2224361353943998,,#FF0000
6.540005220075334,3.2229989302323547,,#FF0000
6.540382156559982,3.2239162895814437,,#FF0000
6.540056785799886,3.3370369005718894,,#FF0000
6.540198110957661,3.5492540629738616,,#FF0000
6.53972090868746,3.549880634471836,,#FF0000
6.540532598774199,3.22436506462425,,#FF0000
6.54064652569971,3.2250135159191418,,#FF0000
6.540897356390395,3.225949259239253,,#FF0000
6.541155960863033,3.2268731906581167,,#FF0000
6.541427584208766,3.2278728946657,,#FF0000
6.541009876471724,3.337132661035884,,#FF0000
6.541440963109499,3.54747554204285,,#FF0000
6.5410875314391665,3.547999338994226,,#FF0000
6.54060897891606,3.5487661966899395,,#FF0000
6.5415983465233,3.228291615256633,,#FF0000
6.541894312951192,3.228987060990585,,#FF0000
6.542330698204614,3.2301985590738567,,#FF0000
6.5424889666212,3.23063495651745,,#FF0000
6.541985564824593,3.3372489445666207,,#FF0000
6.542363192530225,3.54639849868845,,#FF0000
6.541890957460454,3.5469461140666625,,#FF0000
6.5427370929643205,3.2311398814794003,,#FF0000
6.542990406755966,3.2318235964301003,,#FF0000
6.543374381027401,3.2326949944545667,,#FF0000
6.542971968971835,3.3373526069548407,,#FF0000
6.54346135988475,3.5454542027563,,#FF0000
6.542952915477552,3.5459187641096275,,#FF0000
6.543615326310575,3.2332876353393,,#FF0000
6.5440605533109615,3.2340025020740497,,#FF0000
6.543962907022544,3.3373642569149116,,#FF0000
6.5438230994152,3.3375211000009,,#FF0000
6.5444613271384995,3.5443743445595666,,#FF0000
6.54391336830892,3.5449458708791357,,#FF0000
6.544684459897,3.2344093110684,,#FF0000
6.545158698755815,3.2348287187517424,,#FF0000
6.544937135066265,3.337399307324948,,#FF0000
6.5453969999999995,3.33768455000125,,#FF0000
6.545005123393007,3.543968076492174,,#FF0000
6.545870143306125,3.2352272695894624,,#FF0000
6.5464742239318,3.2356118086554,,#FF0000
6.545965357765344,3.3373389427239,,#FF0000
6.546103181108172,3.5431811902414023,,#FF0000
6.545587569029989,3.543566599984711,,#FF0000
6.547159264753912,3.235971253215711,,#FF0000
6.5471326881272605,3.3372266232190575,,#FF0000
6.547430499998949,3.3375465999980998,,#FF0000
6.5467795986383,3.3541608999999144,,#FF0000
6.5471420999973,3.3546296296296,,#FF0000
6.547332779637117,3.5423926285564455,,#FF0000
6.546818497105043,3.5427012487490117,,#FF0000
6.54766665586915,3.2362781842498,,#FF0000
6.548172127473951,3.23664911310255,,#FF0000
6.5479513888889,3.3364312999975,,#FF0000
6.547817858739277,3.3368390736958506,,#FF0000
6.548093325146276,3.337730894445075,,#FF0000
6.54810450594805,3.354819848572525,,#FF0000
6.547992922558575,3.5420692878402544,,#FF0000
6.5489491687196,3.2374414416975,,#FF0000
6.549268506889228,3.237852910245871,,#FF0000
6.549092955049599,3.3372450909094638,,#FF0000
6.5492769478489095,3.3379988905001907,,#FF0000
6.5490668499991,3.3386313999986497,,#FF0000
6.549139314298787,3.3544470110042686,,#FF0000
6.5488749977327485,3.3545723765274142,,#FF0000
6.54924868595848,3.5414560542989597,,#FF0000
6.548809735814528,3.5416787409407835,,#FF0000
6.5496799291875,3.23824396204345,,#FF0000
6.5501278710729,3.2389769904040997,,#FF0000
6.5496503263156365,3.338276936842294,,#FF0000
6.549770099574117,3.338710575134231,,#FF0000
6.5497530104532125,3.3541912125385127,,#FF0000
6.549662399721992,3.5412459887393357,,#FF0000
6.5509336418398,3.2399765198813,,#FF0000
6.551325578961199,3.24064656233115,,#FF0000
6.55152767893745,3.24115425649675,,#FF0000
6.551829466612299,3.2419528050461,,#FF0000
6.552360300044287,3.2431645353766996,,#FF0000
6.552815972,3.2442631964,,#FF0000
6.5537031062696,3.2466815543655,,#FF0000
6.5544048401335,3.247630536571,,#FF0000
6.55494382852686,3.248081601414008,,#FF0000
6.5554311417364,3.2485098001954,,#FF0000
6.5555616084763,3.2484545769929,,#FF0000
6.5561038171748915,3.248808635438128,,#FF0000
6.557155506899201,3.24911231365785,,#FF0000
6.557944029126375,3.2493142194540123,,#FF0000
6.558673764684075,3.24946805698475,,#FF0000
6.5591747833933,3.249633002960012,,#FF0000
6.560147334527778,3.2498591082548884,,#FF0000
6.5605200706322,3.2499970526418,,#FF0000
6.562391410412,3.2504609316408,,#FF0000
6.562876287947133,3.2505495474608996,,#FF0000
6.5635955539611,3.2507600470065,,#FF0000
6.564107840338566,3.599164194805033,,#FF0000
6.563972461635474,3.599755293995225,,#FF0000
6.56515025443675,3.2510957707615997,,#FF0000
6.565800590065834,3.2512557317735666,,#FF0000
6.56698990847805,3.2516084445341003,,#FF0000
6.573331957416601,3.25531090138975,,#FF0000
6.5739651963426,3.2561433982408747,,#FF0000
6.574555652877,3.2571527861041,,#FF0000
6.575506796063,3.2582253838583,,#FF0000
6.5771468165174,3.2669802224875,,#FF0000
6.582136472787332,3.5911177756467523,,#FF0000
6.582246080558867,3.59171019839625,,#FF0000
6.582923338131822,3.593322713660533,,#FF0000
6.5831344271108225,3.593730371538178,,#FF0000
6.58420290546085,3.58736039643275,,#FF0000
6.583837160488433,3.5875263183033,,#FF0000
6.58490616774473,3.5870877454171386,,#FF0000
6.58589090940109,3.5868430027669893,,#FF0000
6.58690699233197,3.5870267885844997,,#FF0000
6.588064551918101,3.5873652009729877,,#FF0000
6.588424235645,3.5875076903037,,#FF0000
6.589358336496908,3.245347367616582,,#FF0000
6.589078329583063,3.5876722215594556,,#FF0000
6.589881331778135,3.587907690853104,,#FF0000
6.591051917880828,3.5882271632425824,,#FF0000
6.592337936983526,3.4002402769663647,,#FF0000
6.591943039796111,3.5884084709932824,,#FF0000
6.59243359328425,3.588525606581925,,#FF0000
6.593084484827751,3.4004518941761908,,#FF0000
6.59331968592858,3.40050702906454,,#FF0000
6.5930074639050344,3.5886367976449978,,#FF0000
6.5937314144645,3.4004876266717,,#FF0000
6.593950776514338,3.400588871181937,,#FF0000
6.594025805692761,3.588798769375307,,#FF0000
6.5946304134936,3.4006496440792,,#FF0000
6.59539545532891,3.5040155857095305,,#FF0000
6.5954827348798,3.504618519343,,#FF0000
6.594813605807024,3.5888483286845374,,#FF0000
6.596463503406301,3.502392332135267,,#FF0000
6.596081770536004,3.5030276152045463,,#FF0000
6.595619243423328,3.5037888148971224,,#FF0000
6.595564420236983,3.5047283293964497,,#FF0000
6.596093170308486,3.588727949008339,,#FF0000
6.597276067499074,3.500114674270174,,#FF0000
6.597052054338492,3.5009510153967973,,#FF0000
6.596706294034651,3.5019342227222827,,#FF0000
6.597076604878381,3.5053340707469274,,#FF0000
6.596938448592762,3.588620469059692,,#FF0000
6.59801617409304,3.49827621522547,,#FF0000
6.597729281304724,3.4990881934261155,,#FF0000
6.597925026563867,3.5001768893147522,,#FF0000
6.598407857947844,3.500548930823178,,#FF0000
6.59790249911245,3.5054186970615433,,#FF0000
6.598043685547125,3.5884672249071503,,#FF0000
6.598864322547966,3.300089810021911,,#FF0000
6.598884518735656,3.5007790543580586,,#FF0000
6.598801690450701,3.5054680707010375,,#FF0000
6.599038318080547,3.5055360423394095,,#FF0000
6.60035952000114,3.2992060799995997,,#FF0000
6.599935178828463,3.300232642920507,,#FF0000
6.6002306249997496,3.3006826500000495,,#FF0000
6.6002484086564195,3.350061092621969,,#FF0000
6.600019366666189,3.350741474074511,,#FF0000
6.5998072761553495,3.501384783363675,,#FF0000
6.59996945457,3.5015149536978,,#FF0000
6.599746158356158,3.5055796320556283,,#FF0000
6.600604550793428,3.2991307142852144,,#FF0000
6.6007260789753435,3.300020528571271,,#FF0000
6.600689866668,3.3008070352783,,#FF0000
6.6006545767001406,3.351088922229335,,#FF0000
6.602302268843222,3.494680130672811,,#FF0000
6.603470894366866,3.4040280138548673,,#FF0000
6.60324489279243,3.4951218915774867,,#FF0000
6.604307708546626,3.4020891503482686,,#FF0000
6.604001148958109,3.4029622715719623,,#FF0000
6.6036370046853,3.4039699779144827,,#FF0000
6.6038417338896584,3.405025688061559,,#FF0000
6.6043156664175395,3.40566125960367,,#FF0000
6.604387950411951,3.4942361262987998,,#FF0000
6.603897091972343,3.494844075949736,,#FF0000
6.6050704834698735,3.4003964418000794,,#FF0000
6.604923038424499,3.401114928924603,,#FF0000
6.604653355365086,3.401726411685002,,#FF0000
6.60496593575904,3.406106190528608,,#FF0000
6.60536304640914,3.4066083088173,,#FF0000
6.604978770752186,3.494858616955253,,#FF0000
6.605378109441216,3.5992561635259723,,#FF0000
6.60517110594413,3.5998123485427995,,#FF0000
6.60568037914413,3.4002021527624473,,#FF0000
6.6055180003386,3.4064490495044,,#FF0000
6.60573825476925,3.40671784585405,,#FF0000
6.606433670098459,3.59632529224366,,#FF0000
6.606204498719574,3.5970207705762753,,#FF0000
6.605859915412618,3.597992912919094,,#FF0000
6.60558746881895,3.5987478532253627,,#FF0000
6.607455532767076,3.593382224025,,#FF0000
6.6073366979726496,3.593938225457816,,#FF0000
6.606887138657765,3.5951834785756818,,#FF0000
6.606630526284692,3.5958800937931565,,#FF0000
6.6078518220073,3.591416623196,,#FF0000
6.607953122520412,3.5921035894909448,,#FF0000
6.607673609600417,3.592923654979167,,#FF0000
6.60904166571875,3.5933012336303,,#FF0000
6.6093189200162,3.5937099791195,,#FF0000
6.609665238184,3.5942216891807,,#FF0000
6.61053866130435,3.5954286999834,,#FF0000
6.631027889485718,3.5088520712960274,,#FF0000
6.632323937759731,3.5101149214192917,,#FF0000
6.632686167133372,3.5103936782311713,,#FF0000
6.633295261536616,3.5108546030836316,,#FF0000
6.633575411267899,3.5109975128827187,,#FF0000
6.638069920524,3.5134571380503004,,#FF0000
6.6383134880685795,3.5136987286061157,,#FF0000
6.639056536397445,3.514239768394304,,#FF0000
6.6394039106589,3.5147505319115497,,#FF0000
6.6395825879088255,3.514467974844125,,#FF0000
6.640054173696134,3.5147694950254373,,#FF0000
6.641012313055528,3.5152531038763595,,#FF0000
6.641242355510499,3.5156499544717,,#FF0000
6.641611931343501,3.5154228378758456,,#FF0000
6.6421584168608545,3.5158118860282737,,#FF0000
6.641715158775719,3.55114424280863,,#FF0000
6.64207910023332,3.5519101147799397,,#FF0000
6.64240809561065,3.5526014510324497,,#FF0000
6.642686429314955,3.5160533036125,,#FF0000
6.642696556893251,3.5532433370621876,,#FF0000
6.643096117219551,3.553958001914115,,#FF0000
6.64338472697165,3.554618600902475,,#FF0000
6.6435648148148,3.5164763383302002,,#FF0000
6.6440828694240155,3.516615264793666,,#FF0000
6.64377036380324,3.5551389648881835,,#FF0000
6.644194037036054,3.55600188344287,,#FF0000
6.6444650342724,3.5565731660307254,,#FF0000
6.6450427575474755,3.517054298500575,,#FF0000
6.644665827051419,3.5569512093898803,,#FF0000
6.6451299610362,3.557916607689625,,#FF0000
6.64534912345325,3.55865847313865,,#FF0000
6.646131676218822,3.5172841632869942,,#FF0000
6.646236348096507,3.5180187699311043,,#FF0000
6.6458958403007,3.5186083608361,,#FF0000
6.64560230847955,3.5588853816397,,#FF0000
6.646750599346137,3.517449700386062,,#FF0000
6.646936776730369,3.517695195861596,,#FF0000
6.647902927440021,3.51791680537331,,#FF0000
6.648970272036211,3.5181403614713296,,#FF0000
6.648878000883521,3.5185787033671203,,#FF0000
6.650168181498801,3.3901128170908,,#FF0000
6.649723293834514,3.518352123283743,,#FF0000
6.6497215035430335,3.5187945802294336,,#FF0000
6.65036239460265,3.57517902079285,,#FF0000
6.65073009122365,3.3911413205824497,,#FF0000
6.6513427776285,3.3921479756416,,#FF0000
6.651116471315046,3.5187858518734996,,#FF0000
6.6505821023446,3.5754861111111,,#FF0000
6.6506248214796,3.5755408283956,,#FF0000
6.6519568471235,3.3930842881086,,#FF0000
6.6517151140138235,3.5189548245384423,,#FF0000
6.652668907678001,3.39405571374645,,#FF0000
6.6531775329077,3.39475434693735,,#FF0000
6.6536652296155,3.395355216928,,#FF0000
6.6540560744045,3.3958710085938,,#FF0000
6.654573383981,3.3964711159042,,#FF0000
6.6551895905361,3.3970747963861,,#FF0000
6.6558205087077,3.3977159234717,,#FF0000
6.6565182906232,3.3984135827477,,#FF0000
6.6572219654494,3.399056840193,,#FF0000
6.6579624591874,3.399728468082,,#FF0000
6.65798808244745,3.58444438108035,,#FF0000
6.6580767825785,3.5846264981996003,,#FF0000
6.659184342919035,3.5860369260713765,,#FF0000
6.6597643259043915,3.5869911128662753,,#FF0000
6.660265763646507,3.588011656984216,,#FF0000
6.66046967705775,3.5885956807632002,,#FF0000
6.66065094976531,3.58901825471819,,#FF0000
6.660976592721345,3.590067857267,,#FF0000
6.661281729648962,3.591055934713138,,#FF0000
6.661424651925718,3.591894361535375,,#FF0000
6.661586180564064,3.592110968057582,,#FF0000
6.661814768532353,3.5930070237647698,,#FF0000
6.662154146077191,3.5940683663138464,,#FF0000
6.662394744267832,3.595010309455022,,#FF0000
6.66247106909768,3.595691016826101,,#FF0000
6.662522994324961,3.5954056100000598,,#FF0000
6.662637480268844,3.5960314951166774,,#FF0000
6.662916129121128,3.597144683391528,,#FF0000
6.66319580032302,3.597995388016333,,#FF0000
6.663374971583318,3.5988026104411133,,#FF0000
6.663581107781715,3.599127254496714,,#FF0000
6.663732823255782,3.5997153378500837,,#FF0000
6.67198877954858,3.5124243618829,,#FF0000
6.672301327187783,3.512579894941284,,#FF0000
6.672958559281359,3.5126418414826004,,#FF0000
6.673924703209475,3.512667632732785,,#FF0000
6.674944485331188,3.512783902269835,,#FF0000
6.6759634994479296,3.512737688990815,,#FF0000
6.67719649365722,3.512265379299395,,#FF0000
6.6765901691776,3.5125233419189,,#FF0000
6.67797486021563,3.5120237895458133,,#FF0000
6.67880443835093,3.5117486352714424,,#FF0000
6.680020990324813,3.511372995701659,,#FF0000
6.680036846023035,3.5119935103036704,,#FF0000
6.680059120382936,3.5130833592945008,,#FF0000
6.680055871367017,3.514091145489716,,#FF0000
6.680052570965984,3.5151101460021,,#FF0000
6.680041317239599,3.5157440819706003,,#FF0000
6.68090895499523,3.511119260650342,,#FF0000
6.682050490489483,3.510904010295377,,#FF0000
6.683182306875125,3.1737670399181503,,#FF0000
6.683039655356133,3.511085242364733,,#FF0000
6.6843737168764,3.16913372843725,,#FF0000
6.6842236333016,3.1712865968964716,,#FF0000
6.6843878772211,3.17160445185215,,#FF0000
6.684149283245078,3.1730921377744,,#FF0000
6.6840278814322005,3.1737662902050863,,#FF0000
6.683795517609619,3.5112363635105823,,#FF0000
6.685224995263968,3.168381133703733,,#FF0000
6.6845875713666,3.1687096867474,,#FF0000
6.685031024100718,3.1700643179435506,,#FF0000
6.68462579562975,3.170708573969975,,#FF0000
6.684896483435888,3.172007119068064,,#FF0000
6.68453724187195,3.1725297330314,,#FF0000
6.68598733824107,3.1681125116419,,#FF0000
6.686227843564,3.1689598815229396,,#FF0000
6.686006139513869,3.1698208553648746,,#FF0000
6.6864373496907,3.1713956709732,,#FF0000
6.686142027644529,3.1719804157654856,,#FF0000
6.68573140400155,3.172554136231083,,#FF0000
6.687037328895224,3.167798255738325,,#FF0000
6.686913657923092,3.168936392370928,,#FF0000
6.686960026011772,3.1703050936752817,,#FF0000
6.686749492729991,3.1707899440178364,,#FF0000
6.6884011033265,3.1674952561987,,#FF0000
6.688088774441799,3.1675650238823336,,#FF0000
6.6878436724374675,3.168890180846619,,#FF0000
6.688078303036668,3.169748043171477,,#FF0000
6.6894613289298,3.1654506773491002,,#FF0000
6.689437818811285,3.165924103788686,,#FF0000
6.689058778567595,3.1673473688069422,,#FF0000
6.688615247632,3.167785220186343,,#FF0000
6.688818225101559,3.16912166293467,,#FF0000
6.690166033319312,3.1613473389284823,,#FF0000
6.6902188008421195,3.1619901856929378,,#FF0000
6.690300256303037,3.1628882737018054,,#FF0000
6.6903886534765,3.1639916157087162,,#FF0000
6.690133248771924,3.1652400959105997,,#FF0000
6.68952964515895,3.1668802569609626,,#FF0000
6.690519825091666,3.165194086761234,,#FF0000
