image_id,captured_at,sequence_id,thumb_2048_url
136612031828406,1512313432309,,https://scontent-sea1-1.xx.fbcdn.net/m1/v/t6/An9vPCRj6nztdrH9_GKaZN98RdDK9XiYeIyXKu6QDMLwySaK1wQqkWgGkbfG7uWFCLFromSTXhyHO_mx71HGS8akKJpsQ5ogoBli8JxC1w85rIy_3ftjLE7xh1gKkK03AKeWABWKoAvQsFkGQAFQ7Q?stp=s2048x1152&edm=AOnQwmMEAAAA&_nc_gid=9bVGCiFGjthuU_45s1TTtA&_nc_oc=AdqIYXijAmXpC81-yDOKU-8xyl-i-xFqM3p-3of9secKqgWqERhP2yQ3tc_54WF3Mjg&ccb=10-5&oh=00_AfxzIHLph_1RYUHpo0owbNJv5uRgN30XBPfXVSE7Gn5-cg&oe=69EF7836&_nc_sid=201bca
1109205409929225,1512314096198,,https://scontent-sea1-1.xx.fbcdn.net/m1/v/t6/An_nkx8FYx7u-c_Y3_q5a8gFgND12SB8nPp86JeodZXtQiHMKH5jvbmBvETPUpMwrxmMbZrgy0Cu-xNpoPx0enScCljNhVKYyMx0bWLpamwLqq5GtvDu3KEvX31QGiklCHg1TyeYrMJR2FOuHBx8Rg?stp=s2048x1536&edm=AOnQwmMEAAAA&_nc_gid=9bVGCiFGjthuU_45s1TTtA&_nc_oc=Adr4JeqKblctjjr995diwusxP6HS8LxXZ9puYFOfvD_C8CTgmc-qLrrjmN4Mm612n68&ccb=10-5&oh=00_AfyYrCYWRC6aQj77T5T_1btHDfjR8iX-X7_AVjs-1s1ZFg&oe=69EF7BA2&_nc_sid=201bca
294289222327563,1511718491142,,https://scontent-sea1-1.xx.fbcdn.net/m1/v/t6/An95esv2QiCWN9OzkiRxkY_h8Sbk0tz4jNr5qv9EeW6pwp7GzHPXUFQqOzgkCq7yyaTbfoG7IwXUHZR2u4-l6wSbu5_-g_i7QALJWKk3etUlAaOCj0fNv8O_bOg2VFh1yitErGEJS-mWskzXHCVvEg?stp=s2048x1536&edm=AOnQwmMEAAAA&_nc_gid=9bVGCiFGjthuU_45s1TTtA&_nc_oc=AdoMmcRfZhWUiyjqwFpZswOOWkd8CFtHP474KspXOq_IyhxSVxnx9SX8KZkR4-X7Jwg&ccb=10-5&oh=00_Afw4-7LqhLz5u4dEDNKfu3x8Ww5SHFOorTued49w67WC4w&oe=69EF6AC4&_nc_sid=201bca
3159581987642999,1512314095187,,https://scontent-sea1-1.xx.fbcdn.net/m1/v/t6/An8SD72Lp6NyCluSJldpWV0xzMUXp1x2MODQeAUznktiKFOTmw3Yvytgl1Hz3fysDN-U-_ixn2iUtNsUpIqUDEukUghvc0E7Ojid_cjJXoa-fVJa5b4OSrE5VopMtMsIzgLXDHF2XZ8U8Wf4ek365A?stp=s2048x1536&edm=AOnQwmMEAAAA&_nc_gid=9bVGCiFGjthuU_45s1TTtA&_nc_oc=Adqm6B6kbYTac8aCwO9QqPjQVtxEClBLXVt0aB8pvl2TSstP6wrJw_bfwi6Zh77ssdo&ccb=10-5&oh=00_AfyUYqgG0cM45dryFoVorqkYz_uvjZSZoMiUwO46I-SDag&oe=69EF6EDB&_nc_sid=201bca
335153887947966,1511718490165,,https://scontent-sea1-1.xx.fbcdn.net/m1/v/t6/An-s0VH11iDTSjyMrEvOkrGDbtPkujKByMBTiqTK1q-CmgNhe17FVCFxNEwjRXNKbvP1JdQktaRMpOvXlr7JggHkkyEK__dTLDkoSWtV7Sm3zduh3PWGPns9MF30pgqZRaGA3-DD37ylnXd0K46P4w?stp=s2048x1536&edm=AOnQwmMEAAAA&_nc_gid=9bVGCiFGjthuU_45s1TTtA&_nc_oc=AdqknlBVsX4IO3LRq1COppcBcrKVqxYTUUq1dOdgYKY_k-y6kAToWV_d62SdbFxFcN8&ccb=10-5&oh=00_Afzd-LbpXZts_Fa6VPXosZFK7db4Obi9c_3aWS1ntVQS-w&oe=69EF6597&_nc_sid=201bca
341396134686383,1512314112184,,https://scontent-sea1-1.xx.fbcdn.net/m1/v/t6/An-NTYBgwznJEAMGp5OWN4YTEwaQiPmaJtQDXBW8i4-_E7W8aceldutQyWINMjlWoyzEPE2sZV53ljRI4Se-QBR6MWKXajkMYpa0sAuysOahMUY3OPmnue8EGPrXGMnAKz_WZOChYj8089av7SlDgA?stp=s2048x1536&edm=AOnQwmMEAAAA&_nc_gid=9bVGCiFGjthuU_45s1TTtA&_nc_oc=Adrw_4G39WXENnSAzJbZoN9pPfsTLAkHNKLsA1YwaQe5AHBR3pdfwLZHCYioBTG-_ns&ccb=10-5&oh=00_AfwmfXJGwqwKY4bQI-6G4-7Sx5PgtpDF3R2j01x8HoyquQ&oe=69EF7EC8&_nc_sid=201bca
476224083630920,1512313449166,,https://scontent-sea1-1.xx.fbcdn.net/m1/v/t6/An9JVBOwTJ8g7sRXvgsb6qbnOhnYwdX1JYSu-gg67o0KggDitDY0pRQE0bcon5P_1aHCmOIno7F52LSVMqUVCaU_NIA3Iv-hqcSlTKNZLfX8qicGRu0c0MCCymhOh0sTkrhAQiazOedErUWH2AOZ1w?stp=s2048x1152&edm=AOnQwmMEAAAA&_nc_gid=9bVGCiFGjthuU_45s1TTtA&_nc_oc=AdpV2JY4W6--QfCN-Wh3Hcm5_BCK3i9KBUcsjofFiqLdALzuyiMHuVLFbJmRr7GainI&ccb=10-5&oh=00_AfxuJUpgWWANbBIjBO1sPNiRG_9y0W0BAo5C_K1iYLjg6g&oe=69EF791C&_nc_sid=201bca
1845214512342161,1512314097195,,https://scontent-sea1-1.xx.fbcdn.net/m1/v/t6/An-TTa4UZr0UcJv2rI8nxPL9mc5PAiENluMJq6l3BBzjQI8W8WUoZmPADaDCaQvpDRQQgJOSNT_1Dcn3NVEVs1GHA4yqxLRazUKxyxLSp9T2cSu1ytaF7cSGEp_XJfE_t0F3v3EnKVJt5Orwu0i8WQ?stp=s2048x1536&edm=AOnQwmMEAAAA&_nc_gid=9bVGCiFGjthuU_45s1TTtA&_nc_oc=AdrkeFmq61VcJSBM4TbIIA8EwPfWGL-aNceWpBMtqgylNTAvwbNWOfrWr2QhDA79who&ccb=10-5&oh=00_Afy5ezUHMay1vnKYcu99k1WFLr68kcbn2ABeHR7y9qF1FQ&oe=69EF90C9&_nc_sid=201bca
1859650014229703,1512314099191,,https://scontent-sea1-1.xx.fbcdn.net/m1/v/t6/An_asQ7OSPu_uXH3pM1RR9AtUpK5Jw4sImyBcCYU56GB2D0Ftn2mj0WKdwVr2CsLcZD_RVO4rTgkb30flZadkQgOgqMz_VawT4ZE7hA7i_j_3zmnbz60yM0s7yLNng0jRWDaJ8tELWpESV51fvqZelw?stp=s2048x1536&edm=AOnQwmMEAAAA&_nc_gid=9bVGCiFGjthuU_45s1TTtA&_nc_oc=Adr-xEeIsRqkgOL5_4ooB6D_XZ0fDlbBMDLQstjbGHEEs-yQfJbPkWJPgxYyVN9NvcA&ccb=10-5&oh=00_AfxVxe0vXeY-NlZZFtVYmxC9x7rYNlsRveNV6zAorMhHZA&oe=69EF7081&_nc_sid=201bca
296689705278612,1512313447777,,https://scontent-sea1-1.xx.fbcdn.net/m1/v/t6/An_RCWxbdET41l5qiIP0U_qzWaMdoEyTTBsHeho0yhVxsO8jm1tYAF8cAaVdXhYy2mVnnFxoLG2v3eSFAc8IuPRmCrpFFbEZl1INXKJHsyJOZeO0b9yt83VAg80dFsZ5hW-Yw3mNauHbVWHCZTLdds8?stp=s2048x1152&edm=AOnQwmMEAAAA&_nc_gid=9bVGCiFGjthuU_45s1TTtA&_nc_oc=Adq1DS5EXonPmf3gMgbfIZp5SvDnh1uKHMgqDSR3bMcWZFe3llwFgbqgCkrqXS1K4mw&ccb=10-5&oh=00_AfyCIa6jQ-uycxAPRS1NlRR6UvtaA-qlu15HwB7cXg41Fg&oe=69EF9A4A&_nc_sid=201bca
479025379884202,1511718492164,,https://scontent-sea1-1.xx.fbcdn.net/m1/v/t6/An9q1wgcfwu9lmLly_KWR9-F-U2ZVe6kBmVcXG7KOaHfQMTvyZqEHgM-2VcMyd0fAgMSRR1MZv2xlSFR3jwP6SjOSfmm2WpeHSyG3LhPqX7ahu7vSaWGab0M2nwAPudxHFSldXZFhYGEIN-CYdXDXKQ?stp=s2048x1536&edm=AOnQwmMEAAAA&_nc_gid=9bVGCiFGjthuU_45s1TTtA&_nc_oc=AdqfwJYixoi9dDWq-S1YZeNCsEnRNmnQQYsy1BYlsXZtgroVF36Fpg-HM3q65gXY8w4&ccb=10-5&oh=00_AfytUjicEpQFs4QuhMSL_CMAtLkprliPmSVcbjgn_E2zUQ&oe=69EF842D&_nc_sid=201bca
485664816115248,1511718493153,,https://scontent-sea1-1.xx.fbcdn.net/m1/v/t6/An_VouRzhDKD0yFmVkWt96ogUJAcl5CW5id8s1Tfqd6nYvngEiLEZ3jYHFSkaoRqGt0LVK0y51ySJ34b9kpfO3ZBZkTiYucjqAgvX77-sAALnyJMv-Ub-PDcUuKYKKOBCYZYGZaQWoZlVth5_xXbBQ?stp=s2048x1536&edm=AOnQwmMEAAAA&_nc_gid=9bVGCiFGjthuU_45s1TTtA&_nc_oc=AdozheVQVTjtS3UGIMQcURy4_cucXGlJK2vdBJQaXW2vfSHsUBEKmTU9wcZH07P9OAY&ccb=10-5&oh=00_AfzXtKyF7nF-Ij2Og_aOo7XaYSrhZYnt4FHcAIX3kJYEuQ&oe=69EF8BA0&_nc_sid=201bca
513308750462521,1512314110199,,https://scontent-sea1-1.xx.fbcdn.net/m1/v/t6/An9leF_KqWS1mPxPMzvmGFxHgKSnQPYfB6wk6zQLNQ_wi2xm3CyRrjQZ8EX7kKpBUcuaztjIDvaUnd3aCsTf0l-kyIS1WUJWTx1jMWPPqNIk8ndnyPbcwNxfkJOfStQFwHUfkcLdxxytIh1JZQthBw?stp=s2048x1536&edm=AOnQwmMEAAAA&_nc_gid=9bVGCiFGjthuU_45s1TTtA&_nc_oc=AdpBPJntAxs-WvBkIrX03MPmTixhmvdqvg2TjYRn1gdkToADBjUgqzhhbjMaLe6MQ6A&ccb=10-5&oh=00_AfySGo0AwQPxLeN_jbXCOf1m18zpg8YyFhMIHrLjIOk6mg&oe=69EF8A76&_nc_sid=201bca
515208919509778,1512313446320,,https://scontent-sea1-1.xx.fbcdn.net/m1/v/t6/An9VmpdDkJoIqOEDkROwF5t2emDnmJLbbyWmkSzPXjWzoEmnSQhO_KzSrVfD_VtffroAjFInBAd_RYrPrZLOi4F2aKsHxz8JjzpYEtgIV2C0JOedWShWvkY7J_Qj4lmlWLTmFckdHQhUzhN1-poD_A?stp=s2048x1152&edm=AOnQwmMEAAAA&_nc_gid=9bVGCiFGjthuU_45s1TTtA&_nc_oc=AdrR2ZX49twhxkilmjxEBVYSs2wxcGm1dap8yctW2E43QOaegN7L9y3E3HUAnaTIH-A&ccb=10-5&oh=00_AfwY7M36KXHAlW1G2IL-17Tz_Io_97ScDZEF6F5fMRJ3Hw&oe=69EF7937&_nc_sid=201bca
530134382138523,1512314101192,,https://scontent-sea1-1.xx.fbcdn.net/m1/v/t6/An_NB15CAzn5hpFttKyNkpGIxDIzYJmIWOvuw69KeqGdlfvyEKC5GMAE7PqJD1F9_qS96c4tO5joE3n5z5ThetpTOgKTEHgvNcgod3qbzEQcsMbz44WOYcEbEGSbZgJffnOImblNrQKqWkg0_1TPyrg?stp=s2048x1536&edm=AOnQwmMEAAAA&_nc_gid=9bVGCiFGjthuU_45s1TTtA&_nc_oc=AdoOZxSfzsajCopoAlDe-mSTfh8vosX9k82z8uXQdSE_OcPZO25nKkersLVXom8wEAo&ccb=10-5&oh=00_AfwZemZpVxpSsVZry2nn_N7Qyqm6-KaZ8UpoeqYDNClDdQ&oe=69EF6784&_nc_sid=201bca
674151003887290,1512314098182,,https://scontent-sea1-1.xx.fbcdn.net/m1/v/t6/An8xknfYbWA8C-_tD0v9C3ybbuHCrjY3tsT5wnxwwgCxFwEL4hbN3TIorY6hm54TiB8bPyqpDK7EjmBHpdIl0ivMJnSuVkOZZJaFWXypq7V4z6fi8i0wPuRUpF2QVajkUs-E5MIglwe32CvEHHTtHg?stp=s2048x1536&edm=AOnQwmMEAAAA&_nc_gid=9bVGCiFGjthuU_45s1TTtA&_nc_oc=AdpymkZE-_uyl4ekEYPfOI5mJKs7Ac2B7PsNGcmvzYy_ESh3HrXh3GTCtUicoV8pZ4w&ccb=10-5&oh=00_Afy3dMCy9hR2tyhN7u7Ly-P9CtkUQQkXRgfcADXhGk-0Eg&oe=69EF6F96&_nc_sid=201bca
265706768631432,1512313439376,,https://scontent-sea1-1.xx.fbcdn.net/m1/v/t6/An9lr0pA3TUOFDuL7P7b0I06cKl54JGm3LWnSfZn7WtN30pcZIyfQ6wdGGFaPGeCv4mOnUDv4cnSVz06-4rXMHfciDWFhasXt593SoGe2otjQQrEgZJWEmfDhNUVaC1U0AKbvzvi_8u-GlU5JNSBWQ?stp=s2048x1152&edm=AOnQwmMEAAAA&_nc_gid=9bVGCiFGjthuU_45s1TTtA&_nc_oc=AdoRbxUL6w8LYk0rvzBuy1nbz93-4eMwc-41y5trdWzYBwGdA8yQDOY7vBzMb4UM74M&ccb=10-5&oh=00_AfwqmkQxqtnz_nwqqxLik5DDltWrmRaWy6OaA5qSwfqeMg&oe=69EF87F0&_nc_sid=201bca
690832601659011,1511718494136,,https://scontent-sea1-1.xx.fbcdn.net/m1/v/t6/An_iKQT7FGduph0MzZ8Fd9GWQKyUpiI3bDpZFE1IbyqItAMmHosQc8H3E8eDCV_Yc4EZ9N0KDSa3iZA6nvHIgm_0JPe-NFShHlirn9wEIE049MAtd_wfJ_1E3B79VgZR2WSG2hmSCMi0qYXLtm-4Tg?stp=s2048x1536&edm=AOnQwmMEAAAA&_nc_gid=9bVGCiFGjthuU_45s1TTtA&_nc_oc=AdpfINV6hxX6R-TPsvfS_6KFUTxaCeTLvv9x6SHx0WQ8eMAspN5Us1A2QKJUXcBC_9E&ccb=10-5&oh=00_AfwrkQpfyOKEzHGve3H19RXaLLWw8vCLg94UOL8JIaV_gw&oe=69EF6EE5&_nc_sid=201bca
724607042223867,1512314100206,,https://scontent-sea1-1.xx.fbcdn.net/m1/v/t6/An_oKxhwq9yPBXoy6TV3xlmX1yp20gJ6PyAHyZF2_R5v34H8Qe-EodFupNpPv2qLk3J1aWhXUsbhY05nPpw7bnYzysCml5Rv-ibMldLIvAQ4jfRgzMKMuTEh60bHn5OiG99mg8Q8nteCLlzjw8dmvg?stp=s2048x1536&edm=AOnQwmMEAAAA&_nc_gid=9bVGCiFGjthuU_45s1TTtA&_nc_oc=AdpHlz3avwcpqOiJcSrxSLzkXGupnN7fuZtSNH-zZgqNg-qO4xtrvlHVmqs8lQm-02g&ccb=10-5&oh=00_Afx5iRtSy1cPB07eUNwwOPzg6FKg_EseMrOHJ3RqgOLmsA&oe=69EF7B8B&_nc_sid=201bca
7590629497615618,1512314102188,,https://scontent-sea1-1.xx.fbcdn.net/m1/v/t6/An900p-ecp9j9Yi2f--xFA8N3K_D9JNokOnZBvn97f9AdQvyrCyBT9tUHDhX6qg2dO5-BXBjeAmk7TzwWlTJ66kiH49OpeVB8R6bWkCoQu7J3qpBNRtwzyJJwVqJ7MgbLxUA8eQNP6lnoayRdYgK_Q?stp=s2048x1536&edm=AOnQwmMEAAAA&_nc_gid=9bVGCiFGjthuU_45s1TTtA&_nc_oc=AdqR5mmHgl7vlOQAkMB6fW_l1rqMc00uoLoT09Dx5oVzFzcBtyWemUsYLwEW0xC86Cw&ccb=10-5&oh=00_Afx2dQQUWCE1DVRxgCHc1m7rRfc0jLceuOpVV2jwXoludQ&oe=69EF831F&_nc_sid=201bca
785054142209843,1512313444919,,https://scontent-sea1-1.xx.fbcdn.net/m1/v/t6/An_Gj-S2Beo265fFQ4DFfLtAkPvVbzeCE9EVXqWyBrVTNr41-poXYpr19TSTA6Apm6R1d8txr-fdjU_i-AkHLMOs_4UTtUyGL6t1KZuDVU3Bk0VZWNq9WxJxLSCOgFIUgu4QeNRT0YeHdx38BMAiQg?stp=s2048x1152&edm=AOnQwmMEAAAA&_nc_gid=9bVGCiFGjthuU_45s1TTtA&_nc_oc=AdpBaDLUiahI4rpiciOyah4wC66KkFeIRDFA_3oxLWRQ0Jty4CxfjaA736gAOjJpD7I&ccb=10-5&oh=00_AfxXyzZALZm2XR0iJ0vQ5drmYzJPF6PX3WciVVGcLsCgtQ&oe=69EF88CC&_nc_sid=201bca
895986967624784,1511718495215,,https://scontent-sea1-1.xx.fbcdn.net/m1/v/t6/An-_55tC7K_3vGFvtdg4hy_ZMxrux1Elwcye9nrsOH8aT-wck40R1IxkBGlHl3JMqxPIiX0KToiYZpNBJbPEr_4iSgGYm3e99dCNug5Pk_TioxIRbrHVGV66uVo07szZGYGyZlb5T45nnRRg6104aQ?stp=s2048x1536&edm=AOnQwmMEAAAA&_nc_gid=9bVGCiFGjthuU_45s1TTtA&_nc_oc=AdqYWSMAVZxxknzU-yaLVcskS3R1tXDfkc97TacMjileag9XBak6f8H88yFwN-1fPY4&ccb=10-5&oh=00_Afy-cLOMaSNKGBVGkQKR1HVEF12X91EHbuOqU5D99KkPVw&oe=69EF9479&_nc_sid=201bca
138953124916385,1511718498195,,https://scontent-sea1-1.xx.fbcdn.net/m1/v/t6/An-WSm2a4Hqr51M0AKcbymhmWsyUVvBidPS5_deWkroVZMG3BVvl_S_oyEUbGOTFxJCDD-SJxFcHBcX3ljQw5Msk3dxtah3zoogglymfXuvwGp1uGq-__zOumLSosiQF2sXJWLdu8yvtzQBglHx8pw?stp=s2048x1536&edm=AOnQwmMEAAAA&_nc_gid=9bVGCiFGjthuU_45s1TTtA&_nc_oc=Adq9NCm_rwJj4NiKmukBHZ5i6hXZRVno_i7X8Z_XLs1x4O7vzsLRWypFYKiJqpG9ZGA&ccb=10-5&oh=00_AfzHY5oRblvDvlxGaYzx3LjwqUAzLq5eBFQmB-SJSm8w2A&oe=69EF6C2A&_nc_sid=201bca
3355843507982981,1512314132203,,https://scontent-sea1-1.xx.fbcdn.net/m1/v/t6/An_h820WfO4v_tTC8mU2tQ8bW7GhfRKy0MW-J7DFsZKu0xCb7xOEVw_wwzhqjJanRfZkFu6mSXXWYXNwBEyHDf4UAagZEU6x_z4ZuPLFPG9YLbMa6lm7rdoNGB3hHhNs8vEhmutCbHF7AF9rRwFAu9Q?stp=s2048x1536&edm=AOnQwmMEAAAA&_nc_gid=9bVGCiFGjthuU_45s1TTtA&_nc_oc=Adqsenv8p2GXDfjA3JocaSQx3tgW2tTxhBe5LOpyxFPZIgjOPWL_lbbC4f0uEtXE-64&ccb=10-5&oh=00_AfzE6iHi04r8qu28fg-bhIHAzE0RiPo_BlOBWpixgqKa_w&oe=69EF8601&_nc_sid=201bca
515324773167872,1511718509162,,https://scontent-sea1-1.xx.fbcdn.net/m1/v/t6/An-ZBe1Nzojr92Om8QcR5_wUmmGrVkse74qgS3Drcf0rT4omzbMeL3cRQEqtE03zUs0neOMYvpmwCUOLpMcaF1kJZ-SqVc00BR2b8x8UG-iAJst4ydRhQgbU_DXgUAwKLGeayirpQstMhRJ8B-iXNF8?stp=s2048x1536&edm=AOnQwmMEAAAA&_nc_gid=9bVGCiFGjthuU_45s1TTtA&_nc_oc=AdrxeTN9wUl-f7cOsOyIMnT170jeKWScTGU6cz1ILDlMRLM9bFgUNC22UfkMzDBYUvI&ccb=10-5&oh=00_Afz9X23pUytj_TLZ_jHFOywybHmJXZuNJr8hTxy8iyPGww&oe=69EF9246&_nc_sid=201bca
1479671619148011,1512314103185,,https://scontent-sea1-1.xx.fbcdn.net/m1/v/t6/An_pY8IxN-Z136oHfmL4vw6FoIlqvl4qVUxDJ2xRb5nlj8jiMfuwsEkd170zDa3PgskBkpB1zvL5VKK_D32oAVCHGNOlrFkPVCmCxOcvPzeGkgFrpOlpQjcudseq8IzT2SJ1ZFUNjfVfA0mrXzhpCg?stp=s2048x1536&edm=AOnQwmMEAAAA&_nc_gid=9bVGCiFGjthuU_45s1TTtA&_nc_oc=Adpd8g3shv7jieXjDTghPdHcBDDZ_MGXXn6yQHTnHjEPiSRq52L5f51yLQYq9ek4YeQ&ccb=10-5&oh=00_AfypNcqxseYgSVSVs00JnJBJGRLJ7PZc6So7HotK4GwqUQ&oe=69EF85DC&_nc_sid=201bca
1848274785333680,1511718500192,,https://scontent-sea1-1.xx.fbcdn.net/m1/v/t6/An-fZ2MRYcYiJKTOVvc-JgGgvPUpQoVf_6x_R_IqJkCrurKgNIE4leUKg8ls7t6Ptfu32bjiRb_CltvmAGZLc3kw5Vg15m1ZaX3BERvIfcnmFx3PgM4kUYZH2GykjFn8iWYoR9EnoCEcnd4O2f7EIg?stp=s2048x1536&edm=AOnQwmMEAAAA&_nc_gid=9bVGCiFGjthuU_45s1TTtA&_nc_oc=Adqhvnp6HWEPhmgyxIS0MwgaJthxPRXylgevEO9-kqN3tvjhwr8BnGw2dgMPF1pJ3Po&ccb=10-5&oh=00_Afyg_Szdo4Onkg9hYER8HrypO5hn_w-idIyFbpYJgxH4Nw&oe=69EF7A88&_nc_sid=201bca
488584315745503,1511718496144,,https://scontent-sea1-1.xx.fbcdn.net/m1/v/t6/An__K1VUiCvKhQOdaxuBgybPV4KsnCFbAzP2dBPlAB0cHpGw-GZwWsqvu0ImVxqy7apZU46Z3wkReTYKJN6G9sw_LYGX_RapSg_t6sn4Q6-QCPoXQyGZcUsQDDncT__U_nMFI1F67v9yJbTOyYqz0Q?stp=s2048x1536&edm=AOnQwmMEAAAA&_nc_gid=9bVGCiFGjthuU_45s1TTtA&_nc_oc=AdrR1BDMRsqjq4GsWYb6PeyhcMyMp0cG-74us91ZM4rH-sT2s8RXg2woHa1-Yjb9gvI&ccb=10-5&oh=00_AfyOTg2oreKU0_AIZcy8N4SiyiK0lo8z8VMHNlmB7L53qw&oe=69EF9527&_nc_sid=201bca
491011465475958,1511718499145,,https://scontent-sea1-1.xx.fbcdn.net/m1/v/t6/An94VdAu-Z1DdlEH4m6ShimHtky6HAaFpcCmpEYm2zvudBu5t7fFePZLW9iY-ROTPP2LLUiYjh0ca1jrPs1bMjgXWH7Jd6aWpIg-GL1xPhkuLFh9aGIRyGFvF3V1Ntutu1hsDU7z4Vr9d458TJE5fLg?stp=s2048x1536&edm=AOnQwmMEAAAA&_nc_gid=9bVGCiFGjthuU_45s1TTtA&_nc_oc=AdpBHxKGGQ1UgZJ96NJhMjdqiJTdDSi3-HfRfMZjnO0oJBmeps1nC1npvUuxfDd97KY&ccb=10-5&oh=00_AfzlDNtO8Hp4FF63T1tG-tnxoxTxLeu3Fx0JgMsBni0swQ&oe=69EF710A&_nc_sid=201bca
2701352106835705,1511718507184,,https://scontent-sea1-1.xx.fbcdn.net/m1/v/t6/An-E4X2wiSvcYmGHGKKOXlnMoNiUwLA_rvc1McJtOMHu3RkFaO4r9e5eFvhbX6KMjl7_Q5t5FWTy4CGFAhbALrSoJseROhEjedNvbCKqnHmZ6qc_qM3VrDp-K2P-XDBxrzzte41dG7MTUHcoIZQJTNY?stp=s2048x1536&edm=AOnQwmMEAAAA&_nc_gid=9bVGCiFGjthuU_45s1TTtA&_nc_oc=Adovf5B2TWfVoUsi4gZslJMqaQo7DHXnG_71DaLl8fz8LfMuRS5Fxrb_RY1cwFMEgUo&ccb=10-5&oh=00_Afx0nb2XVyvzklmo1e34xR-Jpg0lJgjuwe6g8raj9w_frQ&oe=69EF67A7&_nc_sid=201bca
5247923988636343,1512314105172,,https://scontent-sea1-1.xx.fbcdn.net/m1/v/t6/An8aGTK56RQfM1rReKcZQosUAkg2-4z7IyH5ZqAl2Iks9l2rIiSJAVtqZj3eiH-6ftJQ2bwNEE9Ze6FYqDE3HeNni8HjP_TQwGCEx0XYoQE9tHXkNI8s7g5sGiEXwxr-mSZUKVENlinD99Du1EW7RmA?stp=s2048x1536&edm=AOnQwmMEAAAA&_nc_gid=9bVGCiFGjthuU_45s1TTtA&_nc_oc=Adoz5cSAl47BDq63GlWlN5xMhcbBvB6w9tFW5zITFlOlVhdeb_MYnV32Rec6eTPftbg&ccb=10-5&oh=00_AfzKzxRynnSKzfHc_Rs0iZv05Tq_bSW46n6Jaaq4ecNKfg&oe=69EF91D7&_nc_sid=201bca
529195435482497,1512314107201,,https://scontent-sea1-1.xx.fbcdn.net/m1/v/t6/An-YZOlhgOiEaAt21McB6AFez8xqkcGSCzirmRsxbapF4iUBkpXkmkSaPFjOupqf3OLPhZ9-GZCVOQ_GGdo7HiBwNsXx5MLb58hfBcPJFapGTjyjKFnEJFYkXtO8WiVwvNlp9oMSfo-JHBFZJMHnQw?stp=s2048x1536&edm=AOnQwmMEAAAA&_nc_gid=9bVGCiFGjthuU_45s1TTtA&_nc_oc=Adq3POfigPmaLfVdbFgAG_bpjHKC06P2AKjn4siIZDfRhRPWUZbRAr_8UIlh8lJPjBk&ccb=10-5&oh=00_Afw4EABzZNI08x9h86Phza793uZg37kkvdm9U7IsGuD1PA&oe=69EF7198&_nc_sid=201bca
788068262173237,1512314104197,,https://scontent-sea1-1.xx.fbcdn.net/m1/v/t6/An-MJe8iOS9DT8HbpJWUJMOvKOdrtSkwOXUJk5TemQTfHTB6gwwwJ-A4kys01qPPWDflf6lva86WluUiYgTJHpyDuUvbV1XQ_0rpINpEPa25TH1q2vhXJrfFJBpKKrH2GEUz1qWvXJPhrKgdxX0tZ2M?stp=s2048x1536&edm=AOnQwmMEAAAA&_nc_gid=9bVGCiFGjthuU_45s1TTtA&_nc_oc=AdojvXwF3k6xLKjtn0vDDnxFpF3GDyx51BkWnaLq4kDyBRd51r9PUCY76Mh5YzqQszQ&ccb=10-5&oh=00_AfyvEObfXOUHV-WvabWJh5zoNtOtXxfrdPhY5ASm-V3cUQ&oe=69EF722E&_nc_sid=201bca
805582983735837,1512314108192,,https://scontent-sea1-1.xx.fbcdn.net/m1/v/t6/An-w6OkqU6p3fVS0U6yc8qwr1yh5AKlAeqHzGPUacsfXrgnvn6Kj5wq9OtSczKGz42TJGZXg6QNVhX7clI18gNzsxHuFBPXp9MYnIxtzpAuI8tkbtsgIILKo5A6HeP9alrxBNl61ygM560BEXIO-mg?stp=s2048x1536&edm=AOnQwmMEAAAA&_nc_gid=9bVGCiFGjthuU_45s1TTtA&_nc_oc=AdpJhE0TZImDb_VKkBW6mVZHvDSfVwd_9jcwuk91BiU3gN0DyULHYLG0dG1Bgye2JQo&ccb=10-5&oh=00_Afz7Z-6BKii3_ByKl00a-AeRyqp3PZu4HJbNXtKpnck1XA&oe=69EF90BB&_nc_sid=201bca
807403210219292,1512314106195,,https://scontent-sea1-1.xx.fbcdn.net/m1/v/t6/An-biJ_hzQ-tEYz-edNLatTNxx-FvyOvxy7JZFU2d3szLpjruPDCTtE4TTaXbO_rZ_pFq2gsYAAQD_G7q9mcSxhcNCIa--SxNghbLUNXCL6pr1tUz3cT9bY5zxLLO4N0PSMUEc48wtlt6bDYecCBag4?stp=s2048x1536&edm=AOnQwmMEAAAA&_nc_gid=9bVGCiFGjthuU_45s1TTtA&_nc_oc=AdqJRf1b8_qLqZ8UPj9p2-ePcPQrtAfCNKjOKsgqBdE8Cfz5zvE3vHU6keoaS1VgX-A&ccb=10-5&oh=00_AfyOEm7dxoaR9m0XEfmCq-m6KpWgXYOxOG2IaTKOOvNWLA&oe=69EF980C&_nc_sid=201bca
833882957223384,1511718501143,,https://scontent-sea1-1.xx.fbcdn.net/m1/v/t6/An97mAOksZD-gGLqRZWOMOjyPoXisY0dwsKTQ7OIojTAZPa29-KbLPxt9OGSWUdpyq0bWqJQn4ZVoRhgsGwtbe_tcf9qI9hIolk_nPpZ3vt7L4XE63fr64fVJtE0p8RdBOvqDMSWYhsVxekdjwFoBg?stp=s2048x1536&edm=AOnQwmMEAAAA&_nc_gid=9bVGCiFGjthuU_45s1TTtA&_nc_oc=Adolkt4GvZcmU1_M3yrveHq1HPFk_f39Upw6olrENRZXcqBfwnXfGugcq6D6wiKWWG8&ccb=10-5&oh=00_AfzJHv2KhWgFTJLki8P7zobk-GoFq6PYJzjPMm2O-tvmdQ&oe=69EF90D4&_nc_sid=201bca
183161520343572,1511718502145,,https://scontent-sea1-1.xx.fbcdn.net/m1/v/t6/An8wTtOuEDhG1uYvffc0WsrPV8fRq9eo63SxAT2T2JYnnXzcPnlSD4eLWK7SWTwxX6w_1tIYtmpftMcU8vitXTXBD04XYOnWcfxu1EgyA6wVNJ4eL4Rkvfe6aNY3OeNHjGztArDuPF4_RdKica9S_Q?stp=s2048x1536&edm=AOnQwmMEAAAA&_nc_gid=9bVGCiFGjthuU_45s1TTtA&_nc_oc=AdpA0oCVlBYlmQpo6n4eXbf73AbGd78ThGe-WkjY83i8cjlWEEgIXQrBl3PVtJN38eQ&ccb=10-5&oh=00_AfwPe8dFVEVTnU_4PZVHmQd8yii4kDK963_N4S69ky6iRA&oe=69EF6839&_nc_sid=201bca
463993128237575,1512313440817,,https://scontent-sea1-1.xx.fbcdn.net/m1/v/t6/An-ul3LGc4q69gYcTzddYOoFyd6wgR8IftrwYzv7BWYHhScTr5QSpcLGT81qUCVG4VvT4aXgxIiLWPsUQUU1T7r07ENFKYUSIQuXjTsdzajYaU7Ep6G3y7vuhxdFxEl5yq9Y0t7Sq4TzqbO3ds7NGg?stp=s2048x1152&edm=AOnQwmMEAAAA&_nc_gid=9bVGCiFGjthuU_45s1TTtA&_nc_oc=AdrX0J5BiFPnJR1KivzWs4ssPDcPxSpYaYf-zJVcQiA-SO2DqpANA4mYr7sgNnWjjZk&ccb=10-5&oh=00_Afy0zBUyZ2CgYFHPUIGIV5DicTkdJxx8wic59qL0-7vqpg&oe=69EF67F5&_nc_sid=201bca
740374793624239,1512314134185,,https://scontent-sea1-1.xx.fbcdn.net/m1/v/t6/An95gbUT3-VwhTsJq4TNRCPOEMYDMkngPk4GvKRC4GvSVCS9yaSdNZvoI19CVawSAXFTNiOaWgXb1RaBiisYDBpJf-n4KayaB8fws4ow310KEa7WYdP2bEqfoSGb-22qdsFSd14KQRQ43l6XXLTBMhM?stp=s2048x1536&edm=AOnQwmMEAAAA&_nc_gid=9bVGCiFGjthuU_45s1TTtA&_nc_oc=Adrrq98ar_83CRT_tQjVpF3kWoff5sJKK3BiYqytM4KHUQgek1hyEcSzsRAyb8Rjipc&ccb=10-5&oh=00_AfzEHhtXf4587DUdl4htW4-aQq2Mv1_H_Lfg6ut2vntKAQ&oe=69EF9695&_nc_sid=201bca
579701549662034,1512313443556,,https://scontent-sea1-1.xx.fbcdn.net/m1/v/t6/An8DX747UeNDOo8GWdjVkBGVnM2Zl_pnhobkt-S045hO1L6ZCMwK7EJcoyRLaoVqxMB5YgQ26hdVnAN609Sn2p3sVHg0Nj1srPJo6wncMYCr6iXqWaWCuxHLcs_WPuZhlYm0jtGBJRI7tiAjqquPQmg?stp=s2048x1152&edm=AOnQwmMEAAAA&_nc_gid=9bVGCiFGjthuU_45s1TTtA&_nc_oc=Adq1owccexUlO_Z6XxTl5KZNqvsMYGXBpiUAVXbJZ-E0rjhNvgdqR_hnTnPl7v5TjNE&ccb=10-5&oh=00_AfzF1YcMYU7V1th4Oeb3WoYljXkEE7qkelM7NwAEq46JVQ&oe=69EF7AD3&_nc_sid=201bca
771093707113344,1512313442196,,https://scontent-sea1-1.xx.fbcdn.net/m1/v/t6/An9TF8e5qjqyIh_Pnxyymr7slXGn4Ni0zWW4dg6oGGV0X2HkGhIqeLltWvF9vRLilZXT7Ny0tYyZ6_jXGK_C1LeXFdI-TqANFgrK8mwK6__tAOKnk7Q-60ORMIvTdjIU8UUR2l2c4YNZvtsVti_HRQ?stp=s2048x1152&edm=AOnQwmMEAAAA&_nc_gid=9bVGCiFGjthuU_45s1TTtA&_nc_oc=AdrwjWJhIYuMp3PxBheGeVXON0GmB-xiSt6rr6ZwOvLNRvQ23TuiSOcIQPKjQkWbf6E&ccb=10-5&oh=00_AfzGgoLnliXnVAFfDgvZrwf5pZF8iAJ9i1mG3afktKkEMg&oe=69EF8DC8&_nc_sid=201bca
1006070143262802,1512313437968,,https://scontent-sea1-1.xx.fbcdn.net/m1/v/t6/An_JNoDhHU-fiqYSEvMwev9_-n3MPgXFUMY3LhLaaKRoyy9dVTzbrBVi-Q8nIpdVeHyKQ6iBUtbXb0GnxLwPsE83aFMFOKMr6nypZ9AVYlvIrwWEuVqHodyHITzzzb4mj7GaKrA6CV_kky5XkT5mJA?stp=s2048x1152&edm=AOnQwmMEAAAA&_nc_gid=9bVGCiFGjthuU_45s1TTtA&_nc_oc=AdoRA21-fVTnxR5xBxFij_Kgu4Uc-vwbNvPftOXLDk1fiAx_SU_buyUJ6zekAt9Wakw&ccb=10-5&oh=00_AfzvNM6wujJ0wnxf1WBWr_OJgc6RqpocclBjm6MT6irLoA&oe=69EF6819&_nc_sid=201bca
1106328923549442,1512314114205,,https://scontent-sea1-1.xx.fbcdn.net/m1/v/t6/An9vWkLbdimNmkN1l8-7SKoorVgCnlZe8HGkJcoT4_e6ObqHduEKmRPHXOf3ky9bhTB3FDS_reHjA9zfAch7EI_FAoUpfLsmD-2QrOL_r2u8oK5uJD5gM9DiJxwASkmLc3tbEcwBOhqurJb79aklRb4?stp=s2048x1536&edm=AOnQwmMEAAAA&_nc_gid=9bVGCiFGjthuU_45s1TTtA&_nc_oc=AdoNLRT_BJq7iOyKwzklRMq7w59wOia0c_-QTHm3n6Q5G0LEGs-0C72xwUClfzVaiQE&ccb=10-5&oh=00_Afxbg8WB2rfhSzbHRPHkFc26Bsp2Uzsz93vhx9v4xZMo1Q&oe=69EF88AD&_nc_sid=201bca
194165779220603,1511718505182,,https://scontent-sea1-1.xx.fbcdn.net/m1/v/t6/An_AvPqSCAyAwkKu6xRoAWkugnq1PyWDw2ErCvBMhW-ZYGB5SgZtuD3h5KGyhW9a6-GKFZADFqv_IHwMuTdo3SDKu6S9FJinhxC2JVFGwjXgG9UOyhayKW-cDzAvuQxgjXQkqZsuv_PDl3QoudBWqw?stp=s2048x1536&edm=AOnQwmMEAAAA&_nc_gid=9bVGCiFGjthuU_45s1TTtA&_nc_oc=AdqvaFYP_928tWOuTasxZXex-9rnb0x3Wv1oro8tydGtttHzT5tUSTxP1CWDuYTABOY&ccb=10-5&oh=00_AfxZG8h-Kh7skQqrTp9v6dAxEe9Izh7NuWgmEfliyXqMwA&oe=69EF6685&_nc_sid=201bca
308115187594561,1511718506185,,https://scontent-sea1-1.xx.fbcdn.net/m1/v/t6/An_nOEmCLljScZfZtNvibRgba8Obq6t88lknukdbX53gWC5NpE1F0_4L95JEqlTWK85EUAGUzTC62aOMrucKmtzfCRZ5HzjjvBRhLwcH2wQu0FpWkhW4ihGVP1gPCSo49TYF1NJm5Q0ySUFO4iVdcw?stp=s2048x1536&edm=AOnQwmMEAAAA&_nc_gid=9bVGCiFGjthuU_45s1TTtA&_nc_oc=AdpT0Usq2OGuI7rgx5YVUWR7-gQo8BZdlpqVFu_LJKtcncuYTOCgS9mGpBSm0-O-ojQ&ccb=10-5&oh=00_AfzmzuKWMsHPIMt1tcS9sX9NST9AUTEe5ZxIN7bZZtEfnw&oe=69EF7208&_nc_sid=201bca
140748214648208,1512313426764,,https://scontent-sea1-1.xx.fbcdn.net/m1/v/t6/An_Q70fX6_8HZpQDVduMosmDsXmVDG-bFmSLuuHqQOZ6t0WehQnwM-h4r7yza-VN1vpHaVfXrCzsxCttejloO5Zr4hTwWTApxLElYXMaWtGiiyid1rI4Nj3bsFM3a1LQJQWE0hQQhIkIjnSeX1elcw?stp=s2048x1152&edm=AOnQwmMEAAAA&_nc_gid=9bVGCiFGjthuU_45s1TTtA&_nc_oc=Ado0k8Uqoq3aFmVmlajzxoioczjDUJ1FrDThP1vS5tVCKHh8NCHEYheMFvMZ_UEZqeI&ccb=10-5&oh=00_AfzsQTmCkTAJwco59kVdIAX6rFnN3AW7CVc8oG6ruIKlOQ&oe=69EF7CFE&_nc_sid=201bca
315562463420948,1511718503136,,https://scontent-sea1-1.xx.fbcdn.net/m1/v/t6/An_wM5S0kqAmexQeSwN1PkHghbx5modle7J8KGJpxcQUma9yz8h-VJ-fnOziSIUvDTmuubv-7rQWqUT1qkTQ1TO9FRWnJnS7ZlEB3cHfecpL-0tofhfKUdjNJ_jezFV8AkE_T1Ngr10FEXQs65dlpZs?stp=s2048x1536&edm=AOnQwmMEAAAA&_nc_gid=9bVGCiFGjthuU_45s1TTtA&_nc_oc=AdpDMdxpOZ_i_hJ77OhT9o17r3YkPJTuUAIDfZH-n0DNz9X-E3834UtsDWB4Ltyb3RM&ccb=10-5&oh=00_Afz5V6Ot12VTjoJQ8gbmcwH1HUdoUAA0JNZdKPPfdqqEvg&oe=69EF7516&_nc_sid=201bca
3309026929381231,1512314111177,,https://scontent-sea1-1.xx.fbcdn.net/m1/v/t6/An8BszED6QsW3Yl7BztAkysRgfe6iPtghj7DYcuIGc41jm-ZnqaYButUjUDs1IL1cywRydK5t6jvnT-gndSEY8zf5lwhocPVjX5UaHQyhz78UaP1nTGSmR2ol3BnE-M9BQ5O4SU7_DrvyMVmgAU5u2c?stp=s2048x1536&edm=AOnQwmMEAAAA&_nc_gid=9bVGCiFGjthuU_45s1TTtA&_nc_oc=Adq89eVn29U4kfXEHSRECbagsc13r8jI9GHNx2pWdZVPslgwjRTbuEuyuMjWQmoFULk&ccb=10-5&oh=00_Afzmx45rH24S_Y87bL7yc_ULC1fzXpJvGr2qQdsGqrGH0w&oe=69EF64C7&_nc_sid=201bca
341131967442751,1512313436543,,https://scontent-sea1-1.xx.fbcdn.net/m1/v/t6/An9v1qvThZRk7_bmg8BI6Gl1VIE7k43hUB7rmWjnFv86YFlksmyl8t5AxWOeS26kK7X6DpRKq9VAygeK5uEy1_kcyNFzCejpp3vdKpO7NMXUW4Nm3M9x50H58N5iCjQHwCPcr_eZ2bILue1EgigDhA?stp=s2048x1152&edm=AOnQwmMEAAAA&_nc_gid=9bVGCiFGjthuU_45s1TTtA&_nc_oc=AdpONztMrW3-60URtj9Ns3EH5H2pVaOD7ROQXKwURFbxTCU8b8VaKnHNeoYMY_CvUrQ&ccb=10-5&oh=00_AfznIbVJeDxTUGC5OjXYF3VZ5eklXpEczmg7R8JKMw7cYw&oe=69EF66B5&_nc_sid=201bca
223953579087836,1511718528136,,https://scontent-sea1-1.xx.fbcdn.net/m1/v/t6/An9DxPFqWD7vxD-awQsD1MkF6gSxIMPCFPJQj6am_7OqCVOtICJywy41sUyXKufQ-E0yiDOihC4gfdommkk-YgghwI0eVLjsTJAfeuh51-mvusrEjjeFeRAv0dxMxlc5uuFNeUWRggXiYCPc3VKH5A?stp=s2048x1536&edm=AOnQwmMEAAAA&_nc_gid=9bVGCiFGjthuU_45s1TTtA&_nc_oc=AdrTZNBpAqFHkyvz5-xmryW6aGHb4rrrISQzlTJ_n5bq0z_onibAWOPuv2l8kuh6NA8&ccb=10-5&oh=00_Afw45Z_9j0PFzHuBAXuXxA_wn_WiLVjwfPdS_u07DERJqA&oe=69EF8B2C&_nc_sid=201bca
4933022173414096,1512314115184,,https://scontent-sea1-1.xx.fbcdn.net/m1/v/t6/An8dNxaB6eR460YxvWQCDK-5xDaa-YOY_Rf6aQiGgk-jkqnIjAd0TggfhgU6kIFzUMmqnQoKgi6SV5Ckb7HCuBtiKoRp02ryJjs711MnW5fcWI2qsuM2IV2xNF-crNLu4rpj9_DLNbCP0dYMfItqBQ?stp=s2048x1536&edm=AOnQwmMEAAAA&_nc_gid=9bVGCiFGjthuU_45s1TTtA&_nc_oc=AdrhY1ikgt_7E6RtIZzRwdp7VDttZ5yEbEhEZSZ0geSFXOoGtAaK99Y-LZozasHiFE0&ccb=10-5&oh=00_AfwbzIbYDoenBMYM-kRrbCQgwj2xnny0gPL6JwfzsWfGew&oe=69EF6B3C&_nc_sid=201bca
501763211061480,1512313435160,,https://scontent-sea1-1.xx.fbcdn.net/m1/v/t6/An9pzhKsLP7klu_z1xQVwR6GoQGlVIPI_zAh5QJw3DXwpJjkNextzk1Jl4eF6g_cox9MVtbb8TbCFa41ryyyIc-8Dzel1pk8vI6FONjRQrxp4pulgt0S5UX79qdxAMNw50lENqwMcSNl6YiyOlzcYA?stp=s2048x1152&edm=AOnQwmMEAAAA&_nc_gid=9bVGCiFGjthuU_45s1TTtA&_nc_oc=AdqUej_38y00hKm4ZXaTUtNpdllTEtCq1YH9OkzW3iwlcoZwVr4Juf3lhhsF8KVULVk&ccb=10-5&oh=00_Afy-hBmMqiYnRYzqf9fOxzesWqc7oDjI85cHvj0dAjbi_Q&oe=69EF91CB&_nc_sid=201bca
2542759112700536,1512313429524,,https://scontent-sea1-1.xx.fbcdn.net/m1/v/t6/An_HHW16ZTGH4DlfsDtXJdLhpKloAbxMvmPBUF9DmcMGbPPgGvXn02qfc_I9s5uXM6MXXLFx7kMwiZb4r1jUEnKp12t_0hBuSUboBn5JSa6W7exXKSEiKdFFe6bh8L5dph-atZe49VeXDn5n4grMxg?stp=s2048x1152&edm=AOnQwmMEAAAA&_nc_gid=9bVGCiFGjthuU_45s1TTtA&_nc_oc=Adq4BvyM1YvwspBpVy3rEytsNOmIxl5YK2vLWd10KEujHDNZVeH5MozusMLoYoOh8nw&ccb=10-5&oh=00_AfzDls8PttTPQ4oFtmlVDCh0n1M7k7WPQZ-6Uz69ntb_hQ&oe=69EF9612&_nc_sid=201bca
519102309877717,1512314109185,,https://scontent-sea1-1.xx.fbcdn.net/m1/v/t6/An8G-LnCcR-OtF39nM63zTNSOx192KnUncmIgs_RwAco_PWVyTKK19fuMX03XvtlleyIjVBVaCetMQzYfbHbhYzwQqRtgvfnki8cYmHZ3NK3nmO4Nd2po7A4S_hIV1nVe5Wm1rS861kUm5byBsFJKA?stp=s2048x1536&edm=AOnQwmMEAAAA&_nc_gid=9bVGCiFGjthuU_45s1TTtA&_nc_oc=AdqX6Fdj5S_IsCFm3_vpk3VEoVJjci3xtnsxc0DLEjCh_ytY2CwdMQTOnaB8iLhDoQY&ccb=10-5&oh=00_Afz55ZtPvEgIFBUTCHDElIzRBDF1B1rhuPgT5jvuwtrnlQ&oe=69EF7020&_nc_sid=201bca
722398402453223,1512314113192,,https://scontent-sea1-1.xx.fbcdn.net/m1/v/t6/An9z8AIrVilYBEz-95VugVdZ8_yQbWsft1tVfTVS4Bvkk-QVE81oA2H52tJ_gkrmVZ9b9tskshlr9ap8NESgCDjdYpZZRTBFC6YgnZTrZb_3wV44quv8DH62CkxkD27fzT7o4NqGXIhDgOPXc6gMfA?stp=s2048x1536&edm=AOnQwmMEAAAA&_nc_gid=9bVGCiFGjthuU_45s1TTtA&_nc_oc=AdrFG1iY7OA-OaA3cX8xgHae19yjhMwggAiCDZb3v1dc7frBUWeKh6TeINzcoKo_ZHk&ccb=10-5&oh=00_AfzCqIe6sFIF42GOOx_3oMBK2NyLaxwIhmcTkUUyMuinZg&oe=69EF7D36&_nc_sid=201bca
1025365171487917,1512314129188,,https://scontent-sea1-1.xx.fbcdn.net/m1/v/t6/An9GocOGDUHvDIonZ8E8nnCXu7fFZKlc3N_s5l43FegLhKT82CKoui6EauUHZwOxWg_R58vuTIyVBK8PedRwOREn-3FYQGYXkdWaN7kLcPr1pZpkujLjIe6zfUuMpITO1Y3OydA_0xl_ckW0dtapZA?stp=s2048x1536&edm=AOnQwmMEAAAA&_nc_gid=9bVGCiFGjthuU_45s1TTtA&_nc_oc=AdrPmUy72MYAHcsxuh608Doh3i5ec_PHhG7-4fbr_sK-5MmuDSeHK8-U_7cfZ1HZJgg&ccb=10-5&oh=00_Afx2X3wdoqIJohRgvmNqPjQt2-PPgRDgUOzXi7peQ8qU8w&oe=69EF8CBD&_nc_sid=201bca
1226015574498447,1512313428137,,https://scontent-sea1-1.xx.fbcdn.net/m1/v/t6/An_0MylImolrfcog56MraH8qmV1dB6MQJ4A_CcYH12EHSNbIS81PMU_O8EzB57EeUVXqbvdtizJJ-36a3DD2eTTToXaSpTcEqFewefAP7KMTSejDzi_CBEQWwUmvkebtv-_qmqMRJYE28mZAvqoJef4?stp=s2048x1152&edm=AOnQwmMEAAAA&_nc_gid=9bVGCiFGjthuU_45s1TTtA&_nc_oc=Adp_QywYsKGo88nnIp30CfwdusdNPTXABvNa5lq4SZ_qez2oH-jEa19BToZqvyKkruQ&ccb=10-5&oh=00_Afz5WEX30YwUBwigwjso3SgGXyaLJJdbB8SxIZIQ3UFPbg&oe=69EF899A&_nc_sid=201bca
1421154298257910,1511718516137,,https://scontent-sea1-1.xx.fbcdn.net/m1/v/t6/An_JcTX0pQB3DG_2oIY-yfpjdbiB1T5jvlB2I0LAnYkbZ_DWqIvN0k3NzKZdnbCLzP-XFTx6FLUKcp15bnRMoenlkOLhQYESwtv1r3KoOx2VeJx027Z3WFwKLashCD73iXambqO0jBEwb_VK0prPsA?stp=s2048x1536&edm=AOnQwmMEAAAA&_nc_gid=9bVGCiFGjthuU_45s1TTtA&_nc_oc=Adq8_2qOBdn08heVrgrW8Y9rgIMdKLEaS8EwG6HzwZ1yk5yfjfpJ4vSGeWYbuHT10E4&ccb=10-5&oh=00_Afzj25CClMuW0ZQBJ7kTgIu3VJzedNczj739RQZQjIiZtg&oe=69EF7CFA&_nc_sid=201bca
1499959347087420,1512314120199,,https://scontent-sea1-1.xx.fbcdn.net/m1/v/t6/An_05r2ucvAVnAtZtO7nnYh74inFcydK__xbkx76Pd47SuDvyyH2RRCt6vxGYRjNRtjwaQ06W6mq0kyjTD66LrxGrHdDkRsCq1HOc9xqD5FIlvCn-NXZ-zZZo8dzxqNKobHvRKVRDSty39-RlzS2dg?stp=s2048x1536&edm=AOnQwmMEAAAA&_nc_gid=9bVGCiFGjthuU_45s1TTtA&_nc_oc=AdrajiieuPuFVlGIFJw6wKFxe7lZw8fxX7iS5Ub2BATvQ2_oXCcaQNC3hOz8YDTweAk&ccb=10-5&oh=00_Afx06i6teFuHx9mj-5l0x0IRkgnFyWp75dNUOdDCI9zERA&oe=69EF7CDD&_nc_sid=201bca
2637750309693479,1512314131187,,https://scontent-sea1-1.xx.fbcdn.net/m1/v/t6/An-0-GsIYNOe5EvNsUk3KLxvaw5-wGLpTkZn6K45fhKfOsvrhHXfipSmvB2BvSwgXey6LljiOEw4pNnxiC8ekh5VBms-Z0O8_DeGSCEJBzFgLBp8LJhzX6xPveiy_7w_tDnw5sG2pmfmOgJ6-E-DlTE?stp=s2048x1536&edm=AOnQwmMEAAAA&_nc_gid=9bVGCiFGjthuU_45s1TTtA&_nc_oc=AdomlsuPNTQIxPnt2eso5gVa1FoZtLPRWsYHPblhIeo6hpB2AgJWwaONWvQ1s8Fh4O4&ccb=10-5&oh=00_Afwbhzc_zKoRcm4E4_D2rIMC_Wxoi5CpQcSKoHuCOR7uPA&oe=69EF891D&_nc_sid=201bca
3107564606164001,1512314128201,,https://scontent-sea1-1.xx.fbcdn.net/m1/v/t6/An8eCuY-L1iSCR4733coxEbxlHOSQ7sHj9uXr6FFf0gSObkjOz4Ip4JgeDIyhRUlf7ujYXtZn6wmxi0tWwZvYJPMMIzyNZIR8pZeDQarXYPjGUnszxvBCSMyx6T63hopNuE-5PLTREsVryh_IU5Onw?stp=s2048x1536&edm=AOnQwmMEAAAA&_nc_gid=9bVGCiFGjthuU_45s1TTtA&_nc_oc=AdrjhqEW2HI2w3zCpQrlt4Y82roAxFjFpm6NVDDPGotRREgzvkNPrzKpKQyl-79QREU&ccb=10-5&oh=00_AfxXlOjZ4DbxNMW4-kdZOlwMKqgGKu10fBk301X6yyC9NA&oe=69EF79A7&_nc_sid=201bca
3225027271111398,1512314133189,,https://scontent-sea1-1.xx.fbcdn.net/m1/v/t6/An9vzoNUvFvhzoWRnA0fUMZ7bUkjtGKNh249Q-lFDAYi7RMBRTNM2405HKkmRVIez1ih_l9ILxBZmbMzqdr_l8K2HMvzMq-a33lg-H_UcwwxglcvRpRTUsIgM-4qXtFptWsDLXLczaqMqfRy4mmIXA?stp=s2048x1536&edm=AOnQwmMEAAAA&_nc_gid=9bVGCiFGjthuU_45s1TTtA&_nc_oc=AdqxaUDrFpU9mIpLgdGySDUxeWeu9JcWeDC6rWutIKBVkx5H-ujCKdnZ8f4wfqYtQ_A&ccb=10-5&oh=00_AfylxWJe-rPr-kM_ZPhtpznMUYzn6HU4geAoJtrMpzjKDg&oe=69EF64B7&_nc_sid=201bca
498061774723141,1511718515141,,https://scontent-sea1-1.xx.fbcdn.net/m1/v/t6/An-eZ9x3mTv_qwGcC14RfBDdob2LLImVagZql8Bft_A985ViIDmqgvifwKC3_jD0r5QZcf0v6yrWMPz_f3WInHYTuZsh8-7Eapt8kSZtUWyzN6wQJpPLyy9yibtmdg6p9Lo6QCMS7RHUHtI43qoHtBs?stp=s2048x1536&edm=AOnQwmMEAAAA&_nc_gid=9bVGCiFGjthuU_45s1TTtA&_nc_oc=AdrmP06hFZonv6y1fQ5Sv1N4-RFlcesAWwWmxNhIZ_PEOl-_5ZZLCU9mtYRQUhhyV8c&ccb=10-5&oh=00_AfysKhmyUY8kbiN1OxITgT8xVRqjY8o3StipaSNnRtsj8w&oe=69EF98AE&_nc_sid=201bca
511433693227413,1511718517135,,https://scontent-sea1-1.xx.fbcdn.net/m1/v/t6/An_Xhop8-e0TFA2jcz5Wyjz0zaSMqULZPyOpDF46t4NJEye7cv3jQ07ciTBYUx9FVJdIOeRye4NNQoGGkgO57OuuXX_BgWtZPvgzemSQIJOwB_31N0jsSEPxvuMHL4e_WKdyh71DS_eN1UzBE5ENUw?stp=s2048x1536&edm=AOnQwmMEAAAA&_nc_gid=9bVGCiFGjthuU_45s1TTtA&_nc_oc=AdpVmUSPp3-v-mGEOLFI9I8n6cws8fPet8q9ki_RvrL5ayr_Nh8hCYJ32rlJ1eW2_IU&ccb=10-5&oh=00_Afw8GtrqanPLWB_YCj1rxQmuWx5QGpb9EZ417CUUtzo_TA&oe=69EF744C&_nc_sid=201bca
5314872658571670,1512314130192,,https://scontent-sea1-1.xx.fbcdn.net/m1/v/t6/An8A0kJhzz8rD5tSOXo6hk6sKOsorKF7JmpNOnyUJUMgRp0_r4VHmH62clnyykNfcG6fFsSmNjek7z0rUNEvmwhRrgGy85ctT5H25C8hPZ8qB5sxQ8lh8uuYSLWiDVaFn_qw4XETqYc0Bi7NTGYbFBc?stp=s2048x1536&edm=AOnQwmMEAAAA&_nc_gid=9bVGCiFGjthuU_45s1TTtA&_nc_oc=AdqLdfS0DtAHVclNDxrX9WNDJz40KokrLZ55YWEuzic0dcUB5PyfUGXmplmS2EFyo_Q&ccb=10-5&oh=00_AfyLvoDfwsrBT_2-pzzbJbGivypynNGd3vkuOYYWYtVRHA&oe=69EF6F28&_nc_sid=201bca
542236397271196,1512314127192,,https://scontent-sea1-1.xx.fbcdn.net/m1/v/t6/An-Q3V07eIUMe5fZ2WgchFl0DCpdLcdQ9FnCCj---4K95DQjgODmHcYuJ4eOOwdlGc4X2EyV3WmMr2EV6nvyU6CwNzmaNLOdAKvASZJOhMMf-v1nyvZsUOUFadnfkYBrhr_5fcJJiEygghQVg3xcfQ?stp=s2048x1536&edm=AOnQwmMEAAAA&_nc_gid=9bVGCiFGjthuU_45s1TTtA&_nc_oc=AdqOvKojJIC25maa0EVyjDGT5UBae_yBiaLILsFXXHCBi3-pKDZwkrKdbNP0pEJKyQg&ccb=10-5&oh=00_Afys5wDOTPS0lsdydI5ivD6mumodhpAG0ZsY89AqHc10OA&oe=69EF6ADA&_nc_sid=201bca
765433504340346,1511718519223,,https://scontent-sea1-1.xx.fbcdn.net/m1/v/t6/An-XuZSi9ETtoEXhMXGtbGGz5D_5glJCdvqqP88Rt3XOkjOgxYf4G99fSy6_xLrWAFmPoe61b-zsX03G_8ycoQaK0P_7xIV1pQ7utrV_1b3bGP1QyPjOGvDLUoxxfsZXkQulQXVo3YLBdY2lNsx7zQ?stp=s2048x1536&edm=AOnQwmMEAAAA&_nc_gid=9bVGCiFGjthuU_45s1TTtA&_nc_oc=AdoUDhrYLWPl85x6qs2UENPMIQwLIQfYJEluCBTFML-gu-CRE-Q5wi3hzsPn-aJ33_E&ccb=10-5&oh=00_Afw3g_wYxB0KPMc6TIJ5J447LY3FEUNBTPOU0qScQI7f4A&oe=69EF76AF&_nc_sid=201bca
883436785390723,1511718514152,,https://scontent-sea1-1.xx.fbcdn.net/m1/v/t6/An8eEesWAtgMIKLnmnR5SUS2INn2wAUs8loBy-5ZemsBNq7i6A2gV44m6CLezlAXadJzH2AD7SQ-6ohiedTCgeCbXjSEF5xH4ERmpqM6siCbzJkPxilrwsIhoHCVIwwpq5FIXxjuxUxnzJVuQPUvCQ?stp=s2048x1536&edm=AOnQwmMEAAAA&_nc_gid=9bVGCiFGjthuU_45s1TTtA&_nc_oc=Adr997evuBtgr-B4UJm25HU00pUpdbVqSEfnOFOUjXkiWIoCgQnddDV2EweM5WTDgbY&ccb=10-5&oh=00_Afx0pmdqDHGOd_uZOZsgSTsg368pJWf2LKuW3j6vUExiSQ&oe=69EF7B8E&_nc_sid=201bca
964403290917556,1512314126189,,https://scontent-sea1-1.xx.fbcdn.net/m1/v/t6/An_RmLf55RvHEazCedqi1tm1UQwp1h0L9mWMyZA9-l65X9NEPdCY5cN4yJxzOkKco9UDGX1mTtBbv4YuSoqT5CdZNfuKpaUxYUr6vFnLmh8aMtBcAtKOPv2y3NkHVgeFIWHjArrF5Kp2lWhm8dUKTw?stp=s2048x1536&edm=AOnQwmMEAAAA&_nc_gid=9bVGCiFGjthuU_45s1TTtA&_nc_oc=AdqFXLAqz-GNRY0uC0dygblirNC-MYhdsh8JU3pe1t1BDKUnx7AN4umoLGBgVzGLK2Q&ccb=10-5&oh=00_AfyFnvGWEF0jqpsI09QKm6IFi4QLMaaVGTSJpUHuYC5Jyg&oe=69EF64ED&_nc_sid=201bca
1365725217277681,1512314139185,,https://scontent-sea1-1.xx.fbcdn.net/m1/v/t6/An8nbQLjD_KJNjTp2p-omtwYDddKQErpjUsiHg1n0SmYWmxgF4lSDZcb51E21H3id9dPBxbgEIEh5r-aSdBpEbRS5CSZYde71ZlEnOn1YtL2-n5ibl8FOPUYjWo4C5pNM9b8ZXpmlj89TpVV4jo1KBc?stp=s2048x1536&edm=AOnQwmMEAAAA&_nc_gid=9bVGCiFGjthuU_45s1TTtA&_nc_oc=Adryy-vgnq1swyxa4OOjdrnVH9NYaKkH4AQHwp46-wSqDMXF5AcQkswBk36JWpSY0Tc&ccb=10-5&oh=00_Afzog0QzAonuoPArKWdJH1eH0GSjnvJcwO00i6-z8lwYHA&oe=69EF6462&_nc_sid=201bca
1433393893679996,1511718522139,,https://scontent-sea1-1.xx.fbcdn.net/m1/v/t6/An-WcvN_rNO5uz8stzc95kTp9pL1QJbyDXXZCkRaHf_UnWCbO7XXMojdtDuU14JQS2V_cmQj5ppCojZuxc7rwoPPXyo7Ow9nTgfUfpcJw-pb4ZCexYgYz5kHxmttgt4jhi_TeLJBkTXRw7juXnr3Fw?stp=s2048x1536&edm=AOnQwmMEAAAA&_nc_gid=9bVGCiFGjthuU_45s1TTtA&_nc_oc=Adq69DSzJb8kZddF-NR1aiHSYJTOWEQmtvo5whCLp2dfkL4GhruuMcxy_ymNIES65mg&ccb=10-5&oh=00_AfyPgC-_yY3eq89IKa_BGoEPcTu9o_sE-97LgJ-YISRo1Q&oe=69EF7E54&_nc_sid=201bca
1668003863385180,1512313422564,,https://scontent-sea1-1.xx.fbcdn.net/m1/v/t6/An-wo0mVFV-186ceHmvgYHXjheaVP-YzNdkPYRNIZTKDAUKW-2QIKOuoLuR579plFYBUVZS4FfI_alnAvk3t8PTl5_WbRXklR1t6MzZ4d5QwjwIMxmsYVoltkWNj8fbIJoKMUm0AuGdBLsynZpNK5A?stp=s2048x1152&edm=AOnQwmMEAAAA&_nc_gid=9bVGCiFGjthuU_45s1TTtA&_nc_oc=AdpgyW3n5wqVi03CKRYsafxzLHoaE51DQn_saFqTEZOJR3SPXlY1chfK3ysUte5AtxA&ccb=10-5&oh=00_AfysuDvrir6dbTWNiAPQjXroUeddGSCYNrfqgerq9hdLYQ&oe=69EF62CC&_nc_sid=201bca
191154242830223,1512313423983,,https://scontent-sea1-1.xx.fbcdn.net/m1/v/t6/An-0Vo33RB2_wNs4dVWe9ExZBPeGJusMxEadFq1GqGzK7tvCmSmfj3Di2SkxBRUZ0BCWpKSg4moEOlCyFLfif_tiYukS4J9EReAILBSZ_aA8mMQZP8RhJQcExSA3QIN6LgYVJojQMHhgFSQCsGEWsw?stp=s2048x1152&edm=AOnQwmMEAAAA&_nc_gid=9bVGCiFGjthuU_45s1TTtA&_nc_oc=AdrNkOaUjYeTDzrCYzaJhbl0Yd2cNoyYRnRUso1mzHWSatL3mEChA6eVsNPqKW20cTo&ccb=10-5&oh=00_AfwT3iaxVViE5V-JW2FrTXi1DsvEW9QUNMBJtusiKL7MFw&oe=69EF7DA0&_nc_sid=201bca
2836734546637647,1511718524189,,https://scontent-sea1-1.xx.fbcdn.net/m1/v/t6/An8e_RlmpUbiK6cdCpxSczRI0p9ma5FNWF_H0hAHjerQf_EwSoshyPSy0qa9344muhoZXH5kaWwY2IBfX8RsMhUijHt7mhbdG0_5qpbTJJhu581h2DwYl2pIXJXANpRuVSGQf79fe8YgkcUE03uuxTs?stp=s2048x1536&edm=AOnQwmMEAAAA&_nc_gid=9bVGCiFGjthuU_45s1TTtA&_nc_oc=AdpJ36Y_JGic92dv61UermDpWDpnrgEfy4YdRXLHFA5zfKmL-u29GNZnrpajie369Rw&ccb=10-5&oh=00_Afx9I7gfqWMxb_BhCVyu3bbepHPeHAiV3fX1v3BWB1Ca8Q&oe=69EF8E9B&_nc_sid=201bca
3216050915291245,1512314136214,,https://scontent-sea1-1.xx.fbcdn.net/m1/v/t6/An-rAM795d6BLaqIXuQwttQvN3o708iCm53d8zJpvoadny0k2FAnCAsC4KFTddb7pHmyB2dZm5pVxwVPMbbwriAmRoHhgUn41cOKmazhf2TevHm4PgQmRzJvJpNTnVqN2n1yRlcrKVaMbNKtWsLQTw?stp=s2048x1536&edm=AOnQwmMEAAAA&_nc_gid=9bVGCiFGjthuU_45s1TTtA&_nc_oc=Adqdgy0cD6ztub2CMNr73UzJK7TC3tRhUKxaD4M86xxrjbQe4Tftrio0HmV2AKNayYQ&ccb=10-5&oh=00_Afwaq49O_UemvsDAgPlUKnAMOhwjJKc4a7TvTPT_QB_wSA&oe=69EF68C8&_nc_sid=201bca
3217380905207113,1512314137190,,https://scontent-sea1-1.xx.fbcdn.net/m1/v/t6/An-DwTH_ijfOmCBhdnGMc3pUM0c8g8TyBGocIGi5dB-6NYmU8PzvGGdY73mpoLbxnoV7aDKVQqkRgXoopp-LHeRgCCMNkC2Yx4KAjWqPHfw_htcew3G6Vvhl51ThA9P1eBa30erGoLmIFH2it_wZbg?stp=s2048x1536&edm=AOnQwmMEAAAA&_nc_gid=9bVGCiFGjthuU_45s1TTtA&_nc_oc=Adp8gphCiln4ST1bqXdb7FpxdlFjPsVN13Z5FUrA9sRpuycMlhuCU1I5ACyp-N8c4cE&ccb=10-5&oh=00_Afy8KQOePrC8YOMOK3XAY65cLGfGnpJTmuESLzuURfewwQ&oe=69EF8263&_nc_sid=201bca
369495101160262,1511718521199,,https://scontent-sea1-1.xx.fbcdn.net/m1/v/t6/An8sdg5RucWntd-vHqAb5AAHrBBeW3tDDurMz6ty0SAvnzP-qGf90pH5r9PCJWjqAwbVfIq1iqLyiB7RSwxYMg_FKkwWlJb0gx1uI07kSzrO9L2wTN3mt4qX_WuN49ypKGcoD0XCWheKBIimnwHldUc?stp=s2048x1536&edm=AOnQwmMEAAAA&_nc_gid=9bVGCiFGjthuU_45s1TTtA&_nc_oc=Adoov08USK1BrArG2-YHiDX57ay3r3KuPY-BljWK0G8a8IN1sG1drlCnMEMhFapTTCw&ccb=10-5&oh=00_Afynv2eFdm5cV7IFs4bVN7fdRpJoc_yeLnHHTp1_HdC_SQ&oe=69EF6ABF&_nc_sid=201bca
523870655414944,1512313425405,,https://scontent-sea1-1.xx.fbcdn.net/m1/v/t6/An9-rPTJYfu0vn0P-n7GIqSYyejHILkirGyakWdDXsHgaOqdyqlla_fMSGyZBq3L3aVRnmewxUWn8GWK75dc3STapQ5ViqvtzGpPlzjvNiUBAMGzZfJP2rLV1K1IuQ3XycCN8q9VUQ6sUrN4Y8iF1RQ?stp=s2048x1152&edm=AOnQwmMEAAAA&_nc_gid=9bVGCiFGjthuU_45s1TTtA&_nc_oc=Adp8E-kdWuXKoJRlMJe6CPOny4GKX9Y2RHvLr9Nz9K82VA25JLWJAuJHI1fJpE5wBTc&ccb=10-5&oh=00_Afxndb_GgyVlGpWhSPTZTJZoiZMgE2NnYuYMWxrnNjq4FQ&oe=69EF9A8C&_nc_sid=201bca
574017930755802,1512314135196,,https://scontent-sea1-1.xx.fbcdn.net/m1/v/t6/An-JRljYGIe3GimCFykLhlTYXyIlL-lXxUSuFVAKc59ciUG9UW1lkKIHkuB1AZ0QkqpD2Ey7pR9ClQc0rPpUn-0bafN3AhHne11qTTilcB1mLxFFxXVU5YiJxMrFfbLw0JQBAKfCOHqY87OFa_NHAmU?stp=s2048x1536&edm=AOnQwmMEAAAA&_nc_gid=9bVGCiFGjthuU_45s1TTtA&_nc_oc=Adq6Q8P1830Mxft0uYW-xFTV7G9xq73BkkTfIZF4c7_OkWHcMT4nAFHZe0G-wDQzpn0&ccb=10-6&oh=00_Afz2Gq5WSSboCSWbqAbHFUWGA2F34JJJME2mPlrdSEeFyQ&oe=69EF6477&_nc_sid=201bca
702044174162717,1512314138179,,https://scontent-sea1-1.xx.fbcdn.net/m1/v/t6/An9Do1Rom1Vzv9pG9Qc5hkGokAbG61YYkIHurEJ4QKW3qKWYIG2jU-e1J1Ewq2WxAWIjRjP1MDVr8VExcYkPu6nVksMjD1mMUI2VXOs7lcdHXDPgWt0P9IfwfF_gihr9NVwQmlyziDYuSP1aRi-pOg?stp=s2048x1536&edm=AOnQwmMEAAAA&_nc_gid=9bVGCiFGjthuU_45s1TTtA&_nc_oc=AdrgpcqxDm2jMKCooFifdW69LFYAxpk0bcCjBzm_TEzYnDZTVL0YQSfLCwhXvq5dvPw&ccb=10-5&oh=00_AfwdSDOrkxy2EOOus-BsQilKghF0utKTgOf10V2dCo8SmA&oe=69EF88E3&_nc_sid=201bca
286321199836206,1512313421067,,https://scontent-sea1-1.xx.fbcdn.net/m1/v/t6/An9o7vJn1lAiOh5V5Yl3d81zhsLp7dfoyRAjDGQCXn6_6zSTs27-_qMGikYbUC1iUQumnnstbuH6U5WL6U34S3xZJqG1iXJsqCthDsF0t87LjERWr2_pW-sjZAelLOA5Ail3Asq4ZaYcPLkm1gP_9g?stp=s2048x1152&edm=AOnQwmMEAAAA&_nc_gid=9bVGCiFGjthuU_45s1TTtA&_nc_oc=AdoVH42-Mn3vskhmTh0IDKu_NHJm02RftS1PCWKnqqMH3dTyI7qAmzONsFQlTXDBLWA&ccb=10-5&oh=00_AfwUNZ7UZclNFZ6rQZuh9gR59uG2l-79e8Y-XyaJwXoywA&oe=69EF79BA&_nc_sid=201bca
1053146008959992,1512314124190,,https://scontent-sea1-1.xx.fbcdn.net/m1/v/t6/An-VhHXHRzBeR9QnUf1eFczMuywDnGUcur6rdrxJADnOL0xY3FYf66I2wMXffNzz0ybaJi_3M7FutXsL1vs9V7W9o5Ac5TFzv41gYf5AGUng1lQtLO4HQy2YIYkVC0Xq88_bfzIji69Tyi41mgiFyBI?stp=s2048x1536&edm=AOnQwmMEAAAA&_nc_gid=9bVGCiFGjthuU_45s1TTtA&_nc_oc=AdrFLcpBPlTXS_KXp92B91Lis_tsb32Bg0cxUCgQnP7F5bNF3vBpK9bFMOjyI-xG0pA&ccb=10-5&oh=00_Afxj02AywMfoc5FAEI8jFVlrRiwa5XIlecWLdloMLGNolg&oe=69EF7CD1&_nc_sid=201bca
1158318098323799,1512314123185,,https://scontent-sea1-1.xx.fbcdn.net/m1/v/t6/An9-kYxrzW6jz0yENINJ8Yu2NTuPaAk95mc3QNWfeKP8ccvoCrPKelMnm2z5Tngycidq7k7e1gpjfAKKIesHevQEq0Ra5VsnMWHeBjG7iXRIXOhmI8jWBvXxv01OcT9GWQXLTeZPD3U-k2g2nRYVQQ?stp=s2048x1536&edm=AOnQwmMEAAAA&_nc_gid=9bVGCiFGjthuU_45s1TTtA&_nc_oc=Ado8GGDXsMkosOChyBr8_f9DGHg_QeYqGVyMnfYOOAREY-SDp_qGMkIMiNI_U3Jtm08&ccb=10-5&oh=00_Afx0b9DSRSPLtasTPduZbBSoVac_d_irz1XyOAjhajrNBA&oe=69EF7CEF&_nc_sid=201bca
694366428460185,1512314122190,,https://scontent-sea1-1.xx.fbcdn.net/m1/v/t6/An_kTTI5OEZ3a3AlPhGEHeyAmR1jxv1vNZOxhBe3fpHeNqwEquPSAM9HD8P_px4GDdj3b8rBfM4n7ajE9i_yEPmwOOs_kzzumNE0OEMf4xAbVI8MBiABcnPk6HQkm7yEtMysNUDFzIE15oYVl4cEng?stp=s2048x1536&edm=AOnQwmMEAAAA&_nc_gid=9bVGCiFGjthuU_45s1TTtA&_nc_oc=AdqdjsbRvzxoaBB18CA4kREJZOZcRdr-JKpr6mOb5yRxN-aBp86TST87VDli1X7UZK8&ccb=10-5&oh=00_AfwKKb--65a0914s-BcES9fHwWQXJeG81cAqF1fWFpQHMQ&oe=69EF8011&_nc_sid=201bca
1331878247300330,1512314121190,,https://scontent-sea1-1.xx.fbcdn.net/m1/v/t6/An-2bBt2iinI2-Ft-ykk4sCY1m_qEzwYG5IXFux-Nm_4SL3bsDlZrK40PRYGnZ85AN1VxLRxG3apUyp26nzWBys_qLsrsDX2WTBCg4iZtM_-T99-NLP6u-l3-SiyL1pWVx7Qd1GveB7ujlL_6-nVgg?stp=s2048x1536&edm=AOnQwmMEAAAA&_nc_gid=9bVGCiFGjthuU_45s1TTtA&_nc_oc=AdoLfuz6xPdSFDcMhtcWmT6DgAxik6e-IQl6Ox6iFATuqNvYpaecYUDQeDAUeYpgvkg&ccb=10-5&oh=00_AfzLgRdkkvtivYvc4KAd-ZIyVyAEmLkbIuX0jN5-wuQ83Q&oe=69EF8607&_nc_sid=201bca
165820218702963,1512313433761,,https://scontent-sea1-1.xx.fbcdn.net/m1/v/t6/An_LlQE6_4iNzUA3PYkJabi4zgm9QsuP30V8KeiW2CYXcOHseXjZGYun_4CUlemOy4ggUUWV63LULEo5Wms3JFYiKbkmXbFTbaChMmHr_2kVKK8wzxOlkwALhk3s4dZ6c2EAPB6Fsuil_ygJ5EvQOKM?stp=s2048x1152&edm=AOnQwmMEAAAA&_nc_gid=9bVGCiFGjthuU_45s1TTtA&_nc_oc=AdpzDmp-Jxv9PPNW6-a3hRXswHpusgnLrLMo8IyT4FdWkgjep7ClQo95BRMupgke8ZM&ccb=10-5&oh=00_AfzaIqcf0shn2wJpd2bmvRT1z_HN00bqFJLtiePCot-Fhg&oe=69EF8836&_nc_sid=201bca
173007048068438,1511718508135,,https://scontent-sea1-1.xx.fbcdn.net/m1/v/t6/An_lpHYv5paqwLaIZPl-8i7DIirG4t9_ATrgjfNth_u0TYGFZVML4bdchAmnH-gt6M7hOjJpm3AQSfmDkvFWkSy2HgfBFS0QPcueBdHSuTU8XyGNQHiU8s8qFCh_mEYvVn7yYbX0x6kSWH1M-mnIFA8?stp=s2048x1536&edm=AOnQwmMEAAAA&_nc_gid=9bVGCiFGjthuU_45s1TTtA&_nc_oc=AdqjaOowVYbQcdHXySa4sGIzePDXclmEdsKgNI0lccQxcSCHBDBcgZlm7S_rv959dLQ&ccb=10-5&oh=00_AfxLkxK0tCuxFRxXXMmh6xJfPWwY2BspSAX-kd5JJmyKhQ&oe=69EF693B&_nc_sid=201bca
176127471083857,1512313430908,,https://scontent-sea1-1.xx.fbcdn.net/m1/v/t6/An_ucvd_FhDVV0TXOMjuJaVr91Du-SuVJdgKDo1gpNIrLflnZnM6Cogdr4aCqGOT6BTd3trTdCkZ_eOGGm38sM9jJ_-qQNMMjYyE2H4-1MrizKhu1OUqzXa-u0P6HJ6qCexsE0LCH7ankDsnx9ksiw?stp=s2048x1152&edm=AOnQwmMEAAAA&_nc_gid=9bVGCiFGjthuU_45s1TTtA&_nc_oc=AdrxvnhYNBCuvMI5CYd-zNaA8bCVqrXPmZkXEzw8ESh7b16vwGrlQrm13Jgrwe2xtog&ccb=10-5&oh=00_AfxZcIBDhAlZb-961YoXNX8uEkTp8JujbAdXxmVa0-64lA&oe=69EF79F1&_nc_sid=201bca
183955726821186,1511718511135,,https://scontent-sea1-1.xx.fbcdn.net/m1/v/t6/An8xOwMlrPMugyz_db3ueYCmFRF1AsFfd5EIaBWN2PijWhleAYbxYIGeNWvtVWyoAr2WXOQLpw1jsanFty4sM96jx5HNXcTNU87Q4AQqIX8aBPSyFgDSd081XwdJgC6qW54MCVk-oPiAyJNXDxoxNQ?stp=s2048x1536&edm=AOnQwmMEAAAA&_nc_gid=9bVGCiFGjthuU_45s1TTtA&_nc_oc=AdpYWbXEWTAWA2mggktGKZmirdjLQb11pCO04LqR0AW6MhjVhXKAzH7aSKjgJLm7smw&ccb=10-5&oh=00_AfyayUTi9YKjc8DAM2mmxktI-GgPjTbwdGH27aXL5_mg2Q&oe=69EF9600&_nc_sid=201bca
1846990558824674,1512314116199,,https://scontent-sea1-1.xx.fbcdn.net/m1/v/t6/An-rNUm_ASvwAj-cycA5OUKFSQ7qpc7_Ap47JTH3yrva7cosZQYvXe_wZ4Bg8WkU3QOHCgdepdNtC_uclLx3TkkOWZDwMpB8U0ilDRy6WwOfNCXdMf5AUrC-A5Q6ZvLyUy9GkXmOBC0jh6O9oFMvxww?stp=s2048x1536&edm=AOnQwmMEAAAA&_nc_gid=9bVGCiFGjthuU_45s1TTtA&_nc_oc=AdrBILvdSEt8kLhSwWOkKzj8akw0fY3atO3AeikWLRr7VZS9b53FkSjOfBzeqzbPDbA&ccb=10-5&oh=00_Afym-E_W6ZmhScWKDUz8veABeDLIU7dKAbufV_PQS8bFTQ&oe=69EF6D53&_nc_sid=201bca
252813676591075,1511718512183,,https://scontent-sea1-1.xx.fbcdn.net/m1/v/t6/An_NcueVNG-wemt0BD3XnY7pJk1_IiiFZ9pe2Su7QJ3T47tBD-VpQClkxuubnq03T3EBVb9Ixq3AOEPnNbVlnOGQbg9m1ukSTM3O2GbVziVWiNtOiWY3BoWWj2hpHwajpYzi8ipfYU1dJ8mLyMbgaw?stp=s2048x1536&edm=AOnQwmMEAAAA&_nc_gid=9bVGCiFGjthuU_45s1TTtA&_nc_oc=Adr2qdcd9yKn1eZlX1XP9b-hjfAVhU5-Mtl83G5iN9JdWq19DHljHyIZ6JVEue047ZQ&ccb=10-5&oh=00_AfwqgD9s59JTeHB7YXEbzv-7BjlD-P-Px3KYUH8fE4LZXQ&oe=69EF6528&_nc_sid=201bca
301476231691336,1511718513135,,https://scontent-sea1-1.xx.fbcdn.net/m1/v/t6/An9QlMj8mMzQmA94LKgu5Lu84XAbJWyrDUnXFWT7UaaCUphEloPt55xVqv4kmyAJ8tX7a-NwhjBatnrNG2x10-U7sxHo7QQI28B5ybXLf2ucrVeEYvmNnjmvledxJXUvOg9Vc9MXDs3omzufDxpA8Ko?stp=s2048x1536&edm=AOnQwmMEAAAA&_nc_gid=9bVGCiFGjthuU_45s1TTtA&_nc_oc=Ado4CYzdHdEPWPEBQPQWV075aFqrk0Kw5_6vfsCEzBNoJcoIQQFWamx52ybZowJYBsA&ccb=10-5&oh=00_Afw1yRh3sC7LOtt3WzUeAr_VsiqzzVGQ3-Hs6duwi02Wbg&oe=69EF982B&_nc_sid=201bca
3147756332130644,1512314119206,,https://scontent-sea1-1.xx.fbcdn.net/m1/v/t6/An-vqtHaRTphfe85ptl8pAz2v0xKSygMz7AM-nLp35yA10K-3mV5SSyXqCE5AkKSshOhzs3KDFkq7cV5aVqf1nXZWkuXnHPpCFrqLC6LqfExD-qeLV8wH-GmR2HnNXkEI84lxNiCFAKVhRSO6F8_lQ?stp=s2048x1536&edm=AOnQwmMEAAAA&_nc_gid=9bVGCiFGjthuU_45s1TTtA&_nc_oc=Adr8_OXoSR_S5-rzdQTfO4gKbiXcXp1iZcApF--9pn5OV8nnQC0OPttgTq_yj7fxOpU&ccb=10-5&oh=00_AfwLETw9OaK9rA7rbOstOQyvKd7OhSPmZo6FFGEi0Y2h-g&oe=69EF82D4&_nc_sid=201bca
682768562993539,1512314118205,,https://scontent-sea1-1.xx.fbcdn.net/m1/v/t6/An92b_84zOau_SYaesSgMD_HY7HZxnIMTTGzajZJQyN2jfHZgOlZcSuJISMDrWILIZZ5ZDdVznhTqvw242ReMwBVAvIRUB8HsuSLwuE0mZMb7ttYHnsAYAuRA2LgEZGs5rfAiW_RkxBALh4ecEq3pw?stp=s2048x1536&edm=AOnQwmMEAAAA&_nc_gid=9bVGCiFGjthuU_45s1TTtA&_nc_oc=AdqXbMgh1rBQrDikINMVx1LGLYmqDjlw0LfleB4k2xo-OuWEdJE9TlY0JWw5juKnjsk&ccb=10-6&oh=00_Afxc6Wm8lgTYVGcATkFy0ZyJlMLivahYsZiNU329OBhPdg&oe=69EF9141&_nc_sid=201bca
3222168878110482,1512314117188,,https://scontent-sea1-1.xx.fbcdn.net/m1/v/t6/An9OgkDjNv1oRs8JOLm55r4EckZ0NSQNqd8dRUju73hqwgBrDc0j5PQnXGjkRaEfGnw0TcYF5IKwLYFe-JaK391gPmx1O1qnjr0HMJSh_6oRoJ4SU-1PkPHKstPyF9GpgUs7eoLkRskczIBwX3YuiA?stp=s2048x1536&edm=AOnQwmMEAAAA&_nc_gid=9bVGCiFGjthuU_45s1TTtA&_nc_oc=Ados6NGanK5kaJd0ECDZjArtGtVyxJs2sJSH7LGHIgD0b1ZMsCUGRX5nZjLZQAH4xHA&ccb=10-5&oh=00_AfzXTXWQOGNpRdqZR1doj_Aq7w_tuKE9aA5f6v0fo9q3sQ&oe=69EF8098&_nc_sid=201bca
490231812171829,1511718510181,,https://scontent-sea1-1.xx.fbcdn.net/m1/v/t6/An_O4BsC4GNCl9O-aL8NvPqYPDf-Pl9_rGmkEP6TpYeQB-nKITD-GKgNJPZw2PXvdFP62VMuLguBVtc-t-poVnTNlijJrBw0fgOJK3mxIg0x0NokOuDxnAmI7FTQVtSxx6CZAvkqopfJqWO1CedKPg?stp=s2048x1536&edm=AOnQwmMEAAAA&_nc_gid=9bVGCiFGjthuU_45s1TTtA&_nc_oc=Adq2TSeHGlEkWgV_ruS02wXWc4Vj8Cm9uFiGjWwa_KnsjTIENZGJVJZX4aNBLFLvf3M&ccb=10-6&oh=00_Afy68V6mltqBy0BNNLphL2uKWSNTKDNWeG_kzVOuWJ9oCw&oe=69EF6EEE&_nc_sid=201bca
549833396534626,1512314125191,,https://scontent-sea1-1.xx.fbcdn.net/m1/v/t6/An-tbcqqfF5CAWYHThguEt3FfESOcz3OZQrKFBZhWmeTOSp3CM1Mom9-LUkCVJHj4cSn9Wq8p4FgnymEbIALtUA9RC0m3cuTqTy8IukG3BZQxpUpBaUZVX_ufxQA-r9YjEWhJuUq3-ha9FG8s4KREw?stp=s2048x1536&edm=AOnQwmMEAAAA&_nc_gid=9bVGCiFGjthuU_45s1TTtA&_nc_oc=AdqaMVAxpF7U16kBBKLECloP9q0YLCOEiKH0jygzJGNvB0K6gIn2HrNmjvhGVsf4OKs&ccb=10-5&oh=00_AfznAL3vafa7NUBSJGbIQC_1smMDXx-HLrLpv1pqy0t2aw&oe=69EF76AA&_nc_sid=201bca
1146790029157788,1511718526192,,https://scontent-sea1-1.xx.fbcdn.net/m1/v/t6/An_BpF9kg91-JvNsaVp97dNm3I488AmwpZg8wtIqUrPuxG3JO0ZXA8FGRhF8BwmevNQXd_GzwUvzYTxdzPFvPRbhkQlXpEgh8CN0td6i4wapuYyS7ZS-TJT51fZuxGaWQI_4O4RXLMUZjVaQPWJbj48?stp=s2048x1536&edm=AOnQwmMEAAAA&_nc_gid=9bVGCiFGjthuU_45s1TTtA&_nc_oc=AdrMLahKT8tH41OQY3_a89bL8YpmqVkw48znjALQhem1AovF_mrxynKmmyCgRZkfc3g&ccb=10-5&oh=00_AfxR9Iierh81pMHehWemazfdhQMgBJJj7OQiSsh4SXbxcQ&oe=69EF6EA3&_nc_sid=201bca
202254498251180,1511718527135,,https://scontent-sea1-1.xx.fbcdn.net/m1/v/t6/An_cZMfBZhcqKITK-MJMw2LvMVVw4uW8f1NyMiRtikOdt-2-Jg7GhoGxboA00JbEOsq_tWLwEHKCoWiz1kHsJbhvFA3xlB_lB8wC2Y0q0q4mzGK6fy6UizOCG_XRIvd0yQ-3lsQpxoSS-UiMg4yS0w?stp=s2048x1536&edm=AOnQwmMEAAAA&_nc_gid=9bVGCiFGjthuU_45s1TTtA&_nc_oc=Adp1oh0Lr1zm3nS1uASA_JyJVOAe60UmG1oA-NBu5hOEIXU8cmbnf49PnKQ9xmlhgpo&ccb=10-5&oh=00_AfwVL5ZT0LHpn45lJF2maJFTG9bWvGSBsgceC0AAeCG-eQ&oe=69EF7B66&_nc_sid=201bca
523253039267116,1512314142190,,https://scontent-sea1-1.xx.fbcdn.net/m1/v/t6/An-DzXQuHUYkk9gFRFIpBGgUTfXZZ4CJHRQjfwce7z8z9rtp1xlpV-80XYhQ2ThiSvpIuQf3HROHheCXuLOrOGAXPmQYHCLX7O1QopPqgtCdE7pQSaaLl81ZU4EmJ7R_pBwhs8GSBJlxasu2h9iMi_4?stp=s2048x1536&edm=AOnQwmMEAAAA&_nc_gid=9bVGCiFGjthuU_45s1TTtA&_nc_oc=Adrt5bBWIoZBbA9_fK4qdsRUP8ZMb1YIhTJsiATGO4idGnntXx9tmFApdY9D_lS2IP0&ccb=10-5&oh=00_AfzlmKmNDuJCaBbdUdxo0hvr6T86gR3dk13dUwsDHctv2g&oe=69EF70BE&_nc_sid=201bca
670006260974235,1512314141147,,https://scontent-sea1-1.xx.fbcdn.net/m1/v/t6/An9PqWmwaxZO9jmoDcjePGNBFRMV6eJYnM1DYc9hJKhqsWzSDnEIzcRIpCDo9oCC6tzFzn_me-hNyeLeHHVx_Yp69oqbfX8mjarxhR0_JWnNvMHEpLdE21eRBE96vfy0pUTZhpZkwhBK2Bkm8olfuQ?stp=s2048x1536&edm=AOnQwmMEAAAA&_nc_gid=9bVGCiFGjthuU_45s1TTtA&_nc_oc=AdpPiAQyJtxMx2EEzf2d7zcUwQDLNi6qNWLpxBq5FExs5SWaL7W0-f7gtt1FBLuzwXw&ccb=10-5&oh=00_Afz4ia6iEfwzEJuZ1nJCwpV1wa1GibyFaj7g2LOxekvDKw&oe=69EF902F&_nc_sid=201bca
695923248523943,1512314140189,,https://scontent-sea1-1.xx.fbcdn.net/m1/v/t6/An85fhURBFxtfg7vV8ksEubEGjsWeZVG37dufkzA6TeO_1iz0kFd5Pt2FtViqsCSf8GwrtkoXlfkzuNpcuQMLAnQMI9QVRYz4rF-ErAmcDutEk1usiRXiEwYpFXlRoCvndgNKKwN7t6qBRgX7o_2lQ?stp=s2048x1536&edm=AOnQwmMEAAAA&_nc_gid=9bVGCiFGjthuU_45s1TTtA&_nc_oc=AdoJKVvSfCGThLIWlCm5B221rL5LQ77Wpb7EhPQsgMAg2jo1Xbcsj93RqG85RoOtDcY&ccb=10-5&oh=00_AfwhjE-VybqqQ65Ri03VCbQAtHWRcw_jF_enoZUgZTAQyw&oe=69EF73A8&_nc_sid=201bca
3818107314974246,1512313419681,,https://scontent-sea1-1.xx.fbcdn.net/m1/v/t6/An89WFYE0HU8MW8GWVIBVWftn3nvL36jM0wRHByLKJzXBxIffx6CswHrYWBE0P-ntfBuXH9UxLzGDnMRtapHYykmgcV8VhjCHUA9Gv2mMZFVMCNfDa1kF_IhjCfoWoRvejWpaxUC6dmyYDAR4zMoYQ?stp=s2048x1152&edm=AOnQwmMEAAAA&_nc_gid=9bVGCiFGjthuU_45s1TTtA&_nc_oc=Adr-cNwMIZBb2CTbA3gn2-SlXToYoYwBQNXsauUwVFW6QAnRQvbpFPztEtyp-JpcVO4&ccb=10-5&oh=00_AfzPLKw07_j9cW3IXfHh5X8JTJj0wGBC1QF4iBHyxV75hA&oe=69EF8D13&_nc_sid=201bca
5081958115193087,1512314143191,,https://scontent-sea1-1.xx.fbcdn.net/m1/v/t6/An_6BVN0C1ppZES1rxZ1ReD-I5u8WaBfZAMsudRcvm7Ih5cxaA9X5EJqysEyVzaGVTIT9Yq1SIg1q-Fb1ZhWpl60m6BQg-vITE__Hxqo-9b1wBnNmOxBVshFKVoH3fhlVqNNy2UThTuedkE9KaEUryo?stp=s2048x1536&edm=AOnQwmMEAAAA&_nc_gid=9bVGCiFGjthuU_45s1TTtA&_nc_oc=AdrK3rvUckx6mMED1J9lAW_jOboMMfw5ldfTswIUnfZQ1wD125GCgSjm5G3r9LZSaj8&ccb=10-5&oh=00_AfxZXz2JCvHpjJLEndeSAalweA8Hn2_LfxzcvhvSZiNlxQ&oe=69EF96CE&_nc_sid=201bca
312623410417449,1513318018330,,https://scontent-sea1-1.xx.fbcdn.net/m1/v/t6/An8-fFvBWQ3lNvAwsV7Qm1K-0Q3ndqFFQqQWSKrdewjNghNNP_TqJy4olweeC_ORNSJQBpwzL_aX9QB3erUUg-3JZf0-_NbvJvSHjX28MgRgp9pQvTaEf2jp9cExU0H9U8oUaaTtpR3VZG-6Xdz3Lg?stp=s2048x1536&edm=AOnQwmMEAAAA&_nc_gid=zLhzy0MpNUcNvDAO0YR74Q&_nc_oc=Adq_7qYKDukt8YPxr8WJV5lzwXRgyKXfKy1zGb88asNztyljaCyet7bvFXW2m_vgeDM&ccb=10-5&oh=00_AfzSWziZdmUNpdbZf-YwBb6vsLTLB6BaUf0yM-DZ_jJhkg&oe=69EF8D39&_nc_sid=201bca
303477211288392,1513318014329,,https://scontent-sea1-1.xx.fbcdn.net/m1/v/t6/An-FCnM-GD3fZW6ly8KJTOH2kvNQGPvUQLsNZdgOIDEJNqao1SZYB6295gzslc0nfOSvn7RoqjEH-zKlZOYtiwRhwRJTkxEeBQtbQoZPzjv0d8RZ3S8NH5rM11wbZJypGvQDG4uP1fil6UKcHYi36w?stp=s2048x1536&edm=AOnQwmMEAAAA&_nc_gid=zLhzy0MpNUcNvDAO0YR74Q&_nc_oc=AdqbfjoiAGfMik9DJRMrqnG53RM6VRIY3VStjfjMv4o8oBZb_DwiTTLkIg0lwGtoF9k&ccb=10-5&oh=00_Afxw8i9JZBeQCrU8pQja0oDTGV5b_4loyQcYbYKjfU3hcw&oe=69EF7275&_nc_sid=201bca
777892479754132,1513318010329,,https://scontent-sea1-1.xx.fbcdn.net/m1/v/t6/An8Xat6eEA3Lnf_Smq8wBqrGSzsRnWItZ_hF7bhJaDDfu4i_Zuf5QFAkg9hwEqwiuxbfXokHfrZbASRCwvH5bI0bLTehd7kVy_TZz36gtY4pFZlSE-5uZZfcUOqswNEpFdQYrdjYVkoJG5aOfTHM5g?stp=s2048x1536&edm=AOnQwmMEAAAA&_nc_gid=zLhzy0MpNUcNvDAO0YR74Q&_nc_oc=AdrB8KBxg-Ip586AOTX0R5KUpW_FPTSk8u0BF7oU44R-PLUy5XL62i9ldc4WGwpzgCc&ccb=10-5&oh=00_AfxzWOaDGV1m90gwH5jaI_xlK1tVhtQMSnSOWeV4sz2QSw&oe=69EF661A&_nc_sid=201bca
500527081142993,1513318006329,,https://scontent-sea1-1.xx.fbcdn.net/m1/v/t6/An-AqSW8xcZ4czumM35XsdpZjBNmbfp3wqkFz2bLM3XqQSZoaMJicv_NeAQWbGtV8vucVbQIhfH97BeMMj1ZWQ2s3pgkAheAMYF3z-GcmVN4ZBSFQLdW0ypsth_7EzwWckpyq7ri2VS-tGO6aoCEgw?stp=s2048x1536&edm=AOnQwmMEAAAA&_nc_gid=zLhzy0MpNUcNvDAO0YR74Q&_nc_oc=Adre9ExHxC-LV1b58Doz9raptXvuySLG_LoN76aP-NwNibK-s7umYn--CiDcUECzNGA&ccb=10-5&oh=00_AfxB4NT29kVbbXSbooLBUQomJefVwlnCZA5B9C9i-IF1oQ&oe=69EF6FE0&_nc_sid=201bca
303696261203860,1513318002329,,https://scontent-sea1-1.xx.fbcdn.net/m1/v/t6/An-5QkURMi57PXiuyx1qrCQQRQ9txIZFnzkgVY-H1WVBl_-eQL8d72wL9xhyENmYAtDtGrBwoWMLKjPI0OYdHp6t4WqWXToS4NK9kK9YXXSvHtQrDOdKHsLy3VUhOSdQlMLVulq9G6g05Nu8UkN0mw?stp=s2048x1536&edm=AOnQwmMEAAAA&_nc_gid=zLhzy0MpNUcNvDAO0YR74Q&_nc_oc=AdqEdnPubEaQISQ4xcpA_QY4d_aqKFCi6dSY2aA4h4OJf3NDJ-hPh6nP6m1y1BsZTeQ&ccb=10-5&oh=00_Afyh6tILmKaYO0iWs5w6mhXyH0v0Mi2uXn9wCK4uHKoxzA&oe=69EF7E66&_nc_sid=201bca
136265151856988,1513318022330,,https://scontent-sea1-1.xx.fbcdn.net/m1/v/t6/An-T5ZhjJ7f4agU2vh32oEtMNp2bVzVsX5opA5usWTGnWzaJoncvVjRZjew0uTxkBE8t9u6FZk8CcTsqRpod2u9fUQlhFI40BJFCBlna5niXVw_gaDQa_H_fXFFn3CChunp7iGSEm_eC7F_3Dl77ZA?stp=s2048x1536&edm=AOnQwmMEAAAA&_nc_gid=zLhzy0MpNUcNvDAO0YR74Q&_nc_oc=Adqj14FTXLdKWPF8ENaJpiT7JkFIzmj-Ua_-7z3bcU0Kh1qlmH-le4FFt8G5mCNMLZg&ccb=10-5&oh=00_Afxk---JFBgtgcCF2q23IzzK9d8NjPorEb9tT3cLiMZADA&oe=69EF8954&_nc_sid=201bca
879340932649355,1513318026330,,https://scontent-sea1-1.xx.fbcdn.net/m1/v/t6/An9cmKpfpcTAIHRCf_AbaoktGm1_vFvmMvNzrDJoL8clqYh-vb_Cs67FgAmLTRNyagkknw1H0_1TuPPdhCN_ytdv1hTalCl0eTHgBJuNUUUzGe7H3GeWMDpbc-VJJJDyTbgbDw2KthEUEs0I_pCSpw?stp=s2048x1536&edm=AOnQwmMEAAAA&_nc_gid=zLhzy0MpNUcNvDAO0YR74Q&_nc_oc=AdojtWiC5JE4EHC3OVTSrmQqMu2IG5UApHycGNUGKjk0DUS9D_6gPm71Zndm5ifJclk&ccb=10-5&oh=00_Afw-2cBl_h9fK-P9KsdiqDe7QvXt7eZoDa8997P9WLg2Fw&oe=69EF7268&_nc_sid=201bca
332621691550770,1513317998329,,https://scontent-sea1-1.xx.fbcdn.net/m1/v/t6/An-nplO0DanFqIdiBwN4j9gSDgixHzpyvGR7BEK1QqAb2yOEnD7xnHC70p1Ahg-XIlTdNCksMPIKXA7jq6-FMU7zYKNOnXuuzgrFTxeKFdKDEYZ1dwpJKIy6blJYkcxhi683uuvEiMJN3hnj9Iphkg?stp=s2048x1536&edm=AOnQwmMEAAAA&_nc_gid=zLhzy0MpNUcNvDAO0YR74Q&_nc_oc=AdrG7c8IHMl4GGra722kUzrSIF7CNfSbtE48dLpQWwxmsaeuAb0dlyr0drAtfXxLfB8&ccb=10-5&oh=00_Afy73vWLCpnV7pQL9faOSiwOqiATrjkEDudkAWcAdmy_fw&oe=69EF7CE9&_nc_sid=201bca
377198020314810,1513318030331,,https://scontent-sea1-1.xx.fbcdn.net/m1/v/t6/An8TlOw9ziF2zWSDdFlhpv0aLxzm8MHsdVs_8FLpaMz8iLP90j3gCyanhRBDxf3ZHkp-05rzleoKMNrIQbgqD0mWUeJg6HjvMq0MT1MWMb60pAlFtXM2nNJe3GViD21zTl3VZsUhfmzBt8mVUiQ7PA?stp=s2048x1536&edm=AOnQwmMEAAAA&_nc_gid=zLhzy0MpNUcNvDAO0YR74Q&_nc_oc=AdrnOklaw4vrQNfdHQC4nsarz4_6JYllwKKojbNdPdVal5WNnjciUumrnOV3d8ndzYs&ccb=10-5&oh=00_AfycqaUpD-wm4FIKhWISySMo5cedFSzJxZIARJPNH4bsMg&oe=69EF7935&_nc_sid=201bca
891040431768408,1513318034330,,https://scontent-sea1-1.xx.fbcdn.net/m1/v/t6/An_kPJf1Q889vMD-Gev3EbfSK57nNeJVkKtYLYY11dkr9ebHovy-tLUX_pW2DPPvXrlHJH54jxlUL8VD-s-ykVZJSOtRAL_90mMSvdU8PTZW4noa6CP2qk5DQb5_teq69f9cCKxTj6Vkw26SSQdJ-A?stp=s2048x1536&edm=AOnQwmMEAAAA&_nc_gid=zLhzy0MpNUcNvDAO0YR74Q&_nc_oc=AdqJ1jv0nHf7MxXxMSCGh0IuOzdxrFOIH5BlLIqthIADp8jdsByTzSbdX7eULZfthl4&ccb=10-5&oh=00_AfyWXPB9KMN303yhTJB_YQs8uAHv6p1yqVQWpeAfWSa__A&oe=69EF73F0&_nc_sid=201bca
475708163657988,1513318038334,,https://scontent-sea1-1.xx.fbcdn.net/m1/v/t6/An-uNKHcnM8v99jtyYxWYsso1C4196SIgGooqcfeeqUCwKjdyRjhe9FEZJIFc_Vykk0vIdVttrbRGYRKbkA0a2vxbeL6uc9u7OSpNidcUjlS2nIAO2N9mIVZKFBFCsDHW2W_JQZuSQUt84fN9zrI3wo?stp=s2048x1536&edm=AOnQwmMEAAAA&_nc_gid=zLhzy0MpNUcNvDAO0YR74Q&_nc_oc=AdpnxorpdvFM-_UhLMf8vdZbhc6qntY54TKnmNYI9_1ZDbPSzZ6fFhUmlVxs_BjsoVk&ccb=10-5&oh=00_Afzr3afhf1alkQqN6wTQMFom6xbinNYZ4zmmBusopIiVZg&oe=69EF90B7&_nc_sid=201bca
574365653528588,1513318042330,,https://scontent-sea1-1.xx.fbcdn.net/m1/v/t6/An-_foQCd7ynr5S_Aid13xTsVtLOeRGTe7E3PNquLBYCOT8TRTHlSUvyx_HYwg696xMkd6CIzXv3fNtsDLtSIE7t26lofjzyxmYZwYmxNP3JPstSTFXyGn2fdgslbXF6w5lBzoTfNycQfPjQ5qsSww?stp=s2048x1536&edm=AOnQwmMEAAAA&_nc_gid=zLhzy0MpNUcNvDAO0YR74Q&_nc_oc=AdrdBo6SynXx--u6u77iTbjJKeN5_bQkFVh39Ou0KQ8n-EsKT9sv2tOMhKoQJb4b4zg&ccb=10-5&oh=00_Afy3jo_DziClIxm_R1axQTWYbt1XdOs1g4f2x_iTPWQFwg&oe=69EF9B58&_nc_sid=201bca
959792808092050,1513318046330,,https://scontent-sea1-1.xx.fbcdn.net/m1/v/t6/An_MDrXSUTgIDSNWcXP82L5rIaSDOBRNEysHu7aqH_LGnngWLxhj6ialaeUbXbEnRK6SaHgI2YG0621uNfNUljto55kip2ad7YO_1FjgwYi1i4dY8bd4grw5oVNZLfY7ICunMtBzR9-jArb04_quBg?stp=s2048x1536&edm=AOnQwmMEAAAA&_nc_gid=zLhzy0MpNUcNvDAO0YR74Q&_nc_oc=Adq32p7FA5_2xqTGwVXbL2PSjDnhXWzMeBHA1aPJHdzKd0ylJ3kKRyIS3sZEzxhpxrk&ccb=10-5&oh=00_Afx369QGWw1ZLzS-egvJBTEpDzBhRi9oAivInM0SMNQeVQ&oe=69EF8E90&_nc_sid=201bca
211951087409150,1513318050330,,https://scontent-sea1-1.xx.fbcdn.net/m1/v/t6/An_tWFKKki5kpSsoD5SpXRijk1s41GnCBko3nIbIozoP8l_vHGVjmht3a21zDrB4YAOugxG4ssl_5Y1R3SsvN2jOL6516y73h2G6LAE4FpjOfNday2lAuGk_CubfQ2AnRMMkTmzySX1ia-GhAUMSnw?stp=s2048x1536&edm=AOnQwmMEAAAA&_nc_gid=zLhzy0MpNUcNvDAO0YR74Q&_nc_oc=Ado3TjCkBOIbI-gfq_P_wU4qSzTTAwTRueHyKEL8NBcUio18miOfN1grHChJPGMMvC0&ccb=10-5&oh=00_Afx5_mFmcy_30qRspQ0-KkEhu5pn73vCgMnsG1p79ZgYbQ&oe=69EF6663&_nc_sid=201bca
589571085280303,1513318054330,,https://scontent-sea1-1.xx.fbcdn.net/m1/v/t6/An-m3vs0hTW-d0IW0jSzwt8lyl3Dehoo0Ap_cGaZqjI2LdBFX4cJwMEKMzySpGXphBUGww9OaQYmBOepmGopqiBAIPkywaJyDIpKwDPl61oeWfI7CksEQJbMFnBDhRZlfsTf2SLiwQGCOgfwvwh13g?stp=s2048x1536&edm=AOnQwmMEAAAA&_nc_gid=zLhzy0MpNUcNvDAO0YR74Q&_nc_oc=Adrl3yuZCv7CcCg8DH0EegTEvI6rfc_HLOrRqkZznJonISVaeELLUmrhXWkv-cPp2jQ&ccb=10-5&oh=00_AfxpQhUrHDkKvVVtdsOjFaeQGVO8e2QKPmmw9yQoFuFvbA&oe=69EF7FB3&_nc_sid=201bca
611187763167406,1513318058331,,https://scontent-sea1-1.xx.fbcdn.net/m1/v/t6/An9OEuCqmZ8UrrYS06dljX71UlKj-BM0fJ5Eh63UlNCIg1CJB4q0SwwWUckUDG6W45w7V8cDI9qhaIISuYiA4aQNH9vfBIwa2O8jAgRHhu_CE81_2jGj_g0xoiMCr_2bFWAUuL1AlLs7RWQ_SmIwBw?stp=s2048x1536&edm=AOnQwmMEAAAA&_nc_gid=zLhzy0MpNUcNvDAO0YR74Q&_nc_oc=AdqVSvx2yw8GrQ-J2i5H2lBhyG8neLLc4-Fss0C2_psOdpdOKMTW1GDx--oxDM7O1dU&ccb=10-5&oh=00_AfzWKaJ9eaLzv3kXxd7LF18F0EdwaUdcG8RtdKZRhoCchg&oe=69EF96D3&_nc_sid=201bca
296640338680235,1513318062330,,https://scontent-sea1-1.xx.fbcdn.net/m1/v/t6/An_8VTMsrpXWJ3dhLIz_R3O5MjFZBy0QAKvilkKrmQuPbyrTMsPg-8pR8nf2WApd70OnWOAjsEK8BzsRl1q3K5nxNr0U2H_gxdVA28DvyU6TaqNggHc1ckwDDppEk2PeTLBEAo4B5rbawM5_ekZcmw?stp=s2048x1536&edm=AOnQwmMEAAAA&_nc_gid=zLhzy0MpNUcNvDAO0YR74Q&_nc_oc=AdpQ-aHHfcI210THQ1NVHZr5LYd8_8FWDm5qcYzWM08bVdXP_zne9yrtn25ilyctgZY&ccb=10-5&oh=00_Afy49jDoDxQ94O8U4uX6-T_58jVtAxCIZMdccjaT39ljEw&oe=69EF958D&_nc_sid=201bca
157190816352602,1513318066331,,https://scontent-sea1-1.xx.fbcdn.net/m1/v/t6/An9PsB9_KrXwsmh8EULWR7OHY-BXs060p2nqbn8Ubp840GXpnauw0egrUtQKCcHFYZbWnvl1-jWaQ90ZpOyDXAElruAn6iyxwQ4Vuut0wt9NLfd03yH68o3XbDjzFGKcdYDXw7_HE743KAY1Bajj6Q?stp=s2048x1536&edm=AOnQwmMEAAAA&_nc_gid=zLhzy0MpNUcNvDAO0YR74Q&_nc_oc=AdrXT7nBYLVXcwBs6k1h-_UYu9G-LOCBncALWtaSBptyjoYk1pPmtzlX9XohNyEe1qA&ccb=10-5&oh=00_AfwnzlkxHm42zQhB5k_quZJzYgqMYLVJT64M5OjOk-LvGg&oe=69EF8105&_nc_sid=201bca
291524526006751,1513318070331,,https://scontent-sea1-1.xx.fbcdn.net/m1/v/t6/An-I9kScAFf-KO32q_4CJz4cSS0Tj-crkqv89rVVVagq70Vw_9tfx826CMhl2O0XIK8nEzTCBC6RXcUvSH9TYWYa8dGNsRbAtc9ZpjUbz3nMymzaAIZM2NH2LAbI02rguuVE2554yuKrRZuNxr_ibg?stp=s2048x1536&edm=AOnQwmMEAAAA&_nc_gid=zLhzy0MpNUcNvDAO0YR74Q&_nc_oc=Adoy86o8nNyr9SlpE66AwnQjFAsrcOyTA9cSIBctipVoTQVcyng3nAKx-cJcY7p_qks&ccb=10-5&oh=00_Afz3RsbLknvVSy-laJnOx4adDrldCTX_Ihs2Nqta6dMyyA&oe=69EF7364&_nc_sid=201bca
367946541325500,1513318074330,,https://scontent-sea1-1.xx.fbcdn.net/m1/v/t6/An_jpg3YFucY9MHr_pdvQc4ar30YJf_nMQfy_4y-PosfGz67bRi9w_q-XXHS9wZA1zwjp_6Y5LpL_5FBHveBbY7pYXDBj75It2w8J-ECU9xpEPHPMDa5iVqwYEjzUgm4dbkwPyN_BqcZb15BKA6s7Do?stp=s2048x1536&edm=AOnQwmMEAAAA&_nc_gid=zLhzy0MpNUcNvDAO0YR74Q&_nc_oc=AdoT7f92c2TxlI5uKdQakYETbp91jnYPJKOTmzm91AlZr_EetnS_KgEhXo4J3PFlB2A&ccb=10-5&oh=00_Afx_w_ykokMFDTEM42a50gseOcnucV4vBW2_2IrRq7SB_Q&oe=69EF7F2D&_nc_sid=201bca
1852981491822581,1702985657903,,https://scontent-sea1-1.xx.fbcdn.net/m1/v/t6/An-AbJshKzxRc9_5kz3enG7ceeepLmwHDVuiCGQ6Z3F7b3dL-C004MwWaU5SgakdnFOlPv6Qemhj7LmRRtkN9MKAj8ADIPVnOykcMnud0O85XKMhDQEAqC2HtXarFoltsECRyO8dd2K6tXUYUjRcow?stp=s2048x1536&edm=AOnQwmMEAAAA&_nc_gid=6CIl8FKeJbQW128xlq2SLQ&_nc_oc=AdoIjbNvdTAwcSJB2zmx8vP9KYQPiCTFxt_NY_lkgFT_YZJmq5ajEN0NvCLpaklPrdI&ccb=10-5&oh=00_AfyU-nwoVIoD1yS-2aPMGYx5RAlGf-nLaRAP70FtwhGkzw&oe=69EF9AAE&_nc_sid=201bca
333629872947591,1702985658781,,https://scontent-sea1-1.xx.fbcdn.net/m1/v/t6/An_l2M9PkMQFmsIawY3KAfmiMJlux7l0a1g89lopeGzqDqbF21V1kBwadRig2wi9xTGB7KSFL8hEYKs3ef_5v9wUYzFkzsqTUMqX7939LFGGK3yLWnKek9GhN-D3lW_6rzfmmFLGTWjKyP8Sefusb1s?stp=s2048x1536&edm=AOnQwmMEAAAA&_nc_gid=6CIl8FKeJbQW128xlq2SLQ&_nc_oc=Adq1SMVA3x9zYtlcnpRcnU4d_pgXURmsfwJppJN6l4R-FbKSKnbYiGS1zhca-8E3tCE&ccb=10-5&oh=00_AfwkvT12JbonZXj4qmBbCSNZ0zEqrA_84ziHZU0TDEb4Gg&oe=69EF7276&_nc_sid=201bca
343599761640311,1702985655533,,https://scontent-sea1-1.xx.fbcdn.net/m1/v/t6/An_BmbazHi7D2ULmopiMCE55vh_17NZH0eECmorffux6K-XdHGakt_RrLEXZBGyq8DnvWwaAmVEayHQsrtYOF1eeQKTtvu4WL9N8ZW9U6GClC7qS847xgn0fY3VfW9dqRJuxn0ppi47AVKSQtxQXuFM?stp=s2048x1536&edm=AOnQwmMEAAAA&_nc_gid=6CIl8FKeJbQW128xlq2SLQ&_nc_oc=Adp60BHabpF10o5_YVP0X331O7c6WXyZAveRMhTbi5sn-InSRs1npWpuI7f-ipGZa1s&ccb=10-5&oh=00_Afxnr2-tt-_Y4Iyva1eYQFjsz4jCj3NBel2X1F4Zref69w&oe=69EF63C0&_nc_sid=201bca
699004518662761,1702985654685,,https://scontent-sea1-1.xx.fbcdn.net/m1/v/t6/An8-vwHAG5DJiv9NLNb1l6WxxkXBAwXAfT4TFeGnWLiWd5Nc_VKgYY6XGPfU3QbvoZUYHbdsGPNBM1Ar3UcZZnoEDoeGVzNH4mcWVav4hNar0dOoXso1-ZO41nr2ovMVWHhLOHJ1C_7Qr5v2PuwEug?stp=s2048x1536&edm=AOnQwmMEAAAA&_nc_gid=6CIl8FKeJbQW128xlq2SLQ&_nc_oc=AdpjqZmUskmCeaQY5rEisAj85EMWWKGZfmz6V8OcVuMU4NcBcFCz5xUhQEU3CTmMhXc&ccb=10-5&oh=00_AfxZMlB9YoK7pseRUBOxPHg8zS6CxQCYIaAwlktTfsBw9A&oe=69EF6EA1&_nc_sid=201bca
705872904854031,1702985656147,,https://scontent-sea1-1.xx.fbcdn.net/m1/v/t6/An_k84k-W9QMAFtv3N_HK9OFAAnj4PzrHSrooaQFtyBO4jprqq84hYscNek-ifBM3GL9jsg5cAl95zaimSdRfQgpS8Wi8O7UV97JXsGDLpREk66uT0s7B5VpxH5UiCWsoQFfEZ5rbE0UB4vr-x8fmA?stp=s2048x1536&edm=AOnQwmMEAAAA&_nc_gid=6CIl8FKeJbQW128xlq2SLQ&_nc_oc=AdrLpAVrzn7vR8AjP8KFuhKE7gqUBFccWBa3bFzCr7BWv-1q5Lij5JDVzSuPH-o0zhY&ccb=10-5&oh=00_Afz7VkPCt-izoym1kEW5auBRqdEe0IizOatqVxm2OvNk2w&oe=69EF68A6&_nc_sid=201bca
745728510806684,1702985657187,,https://scontent-sea1-1.xx.fbcdn.net/m1/v/t6/An-DHrQvpUze74ml64vLmJLOGrFyfiLfpeq2aiBcQdeYuixNh_o0D5ZmWCmf2bDls-WoXZx44awx5nnYB_GLYarpIdBD0rfAi38y1NnLqPI53WBwUQS1YaDKTps6wNBJGuAuVU64T9nVSuSnL6BNlQ?stp=s2048x1536&edm=AOnQwmMEAAAA&_nc_gid=6CIl8FKeJbQW128xlq2SLQ&_nc_oc=AdofG1n-14bZOrd3rYxRl8EPqlTC_1nRpiCzvD93cQwZ_yoraxq0IWnpZ_3jyqX7V7I&ccb=10-5&oh=00_Afwm81yDA-dyQ-Esc1DXoWOZ07B-Cjf6ZXV6mMy7a-fcCQ&oe=69EF99AF&_nc_sid=201bca
